Traceback (most recent call last):
  File "C:\Users\SOHAM\AppData\Local\Programs\Python\Python310\lib\site-packages\django\contrib\sessions\backends\base.py", line 233, in _get_session
    return self._session_cache
AttributeError: 'SessionStore' object has no attribute '_session_cache'

During handling of the above exception, another exception occurred:

Traceback (most recent call last):
  File "C:\Users\SOHAM\AppData\Local\Programs\Python\Python310\lib\site-packages\djongo\sql2mongo\query.py", line 808, in __iter__
    yield from iter(self._query)
  File "C:\Users\SOHAM\AppData\Local\Programs\Python\Python310\lib\site-packages\djongo\sql2mongo\query.py", line 166, in __iter__
    for doc in cursor:
  File "C:\Users\SOHAM\AppData\Local\Programs\Python\Python310\lib\site-packages\pymongo\synchronous\cursor.py", line 1166, in __next__
    return self.next()
  File "C:\Users\SOHAM\AppData\Local\Programs\Python\Python310\lib\site-packages\pymongo\synchronous\cursor.py", line 1142, in next
    if len(self._data) or self._refresh():
  File "C:\Users\SOHAM\AppData\Local\Programs\Python\Python310\lib\site-packages\pymongo\synchronous\cursor.py", line 1090, in _refresh
    self._send_message(q)
  File "C:\Users\SOHAM\AppData\Local\Programs\Python\Python310\lib\site-packages\pymongo\synchronous\cursor.py", line 985, in _send_message
    response = client._run_operation(
  File "C:\Users\SOHAM\AppData\Local\Programs\Python\Python310\lib\site-packages\pymongo\_csot.py", line 125, in csot_wrapper
    return func(self, *args, **kwargs)
  File "C:\Users\SOHAM\AppData\Local\Programs\Python\Python310\lib\site-packages\pymongo\synchronous\mongo_client.py", line 1956, in _run_operation
    return self._retryable_read(
  File "C:\Users\SOHAM\AppData\Local\Programs\Python\Python310\lib\site-packages\pymongo\synchronous\mongo_client.py", line 2076, in _retryable_read
    return self._retry_internal(
  File "C:\Users\SOHAM\AppData\Local\Programs\Python\Python310\lib\site-packages\pymongo\_csot.py", line 125, in csot_wrapper
    return func(self, *args, **kwargs)
  File "C:\Users\SOHAM\AppData\Local\Programs\Python\Python310\lib\site-packages\pymongo\synchronous\mongo_client.py", line 2038, in _retry_internal
    ).run()
  File "C:\Users\SOHAM\AppData\Local\Programs\Python\Python310\lib\site-packages\pymongo\synchronous\mongo_client.py", line 2811, in run
    res = self._read() if self._is_read else self._write()
  File "C:\Users\SOHAM\AppData\Local\Programs\Python\Python310\lib\site-packages\pymongo\synchronous\mongo_client.py", line 3027, in _read
    self._server = self._get_server()
  File "C:\Users\SOHAM\AppData\Local\Programs\Python\Python310\lib\site-packages\pymongo\synchronous\mongo_client.py", line 2975, in _get_server
    return self._client._select_server(
  File "C:\Users\SOHAM\AppData\Local\Programs\Python\Python310\lib\site-packages\pymongo\synchronous\mongo_client.py", line 1851, in _select_server
    server = topology.select_server(
  File "C:\Users\SOHAM\AppData\Local\Programs\Python\Python310\lib\site-packages\pymongo\synchronous\topology.py", line 428, in select_server
    server = self._select_server(
  File "C:\Users\SOHAM\AppData\Local\Programs\Python\Python310\lib\site-packages\pymongo\synchronous\topology.py", line 402, in _select_server
    servers = self.select_servers(
  File "C:\Users\SOHAM\AppData\Local\Programs\Python\Python310\lib\site-packages\pymongo\synchronous\topology.py", line 298, in select_servers
    server_descriptions = self._select_servers_loop(
  File "C:\Users\SOHAM\AppData\Local\Programs\Python\Python310\lib\site-packages\pymongo\synchronous\topology.py", line 376, in _select_servers_loop
    self._ensure_opened()
  File "C:\Users\SOHAM\AppData\Local\Programs\Python\Python310\lib\site-packages\pymongo\synchronous\topology.py", line 812, in _ensure_opened
    raise InvalidOperation("Cannot use MongoClient after close")
pymongo.errors.InvalidOperation: Cannot use MongoClient after close

The above exception was the direct cause of the following exception:

Traceback (most recent call last):
  File "C:\Users\SOHAM\AppData\Local\Programs\Python\Python310\lib\site-packages\djongo\cursor.py", line 65, in fetchmany
    ret.append(self.result.next())
  File "C:\Users\SOHAM\AppData\Local\Programs\Python\Python310\lib\site-packages\djongo\sql2mongo\query.py", line 797, in __next__
    result = next(self._result_generator)
  File "C:\Users\SOHAM\AppData\Local\Programs\Python\Python310\lib\site-packages\djongo\sql2mongo\query.py", line 830, in __iter__
    raise exe from e
djongo.exceptions.SQLDecodeError: 

	Keyword: FAILED SQL: SELECT "django_session"."session_key", "django_session"."session_data", "django_session"."expire_date" FROM "django_session" WHERE ("django_session"."expire_date" > %(0)s AND "django_session"."session_key" = %(1)s) LIMIT 21
Params: (datetime.datetime(2026, 8, 3, 19, 7, 42, 968917), 'ewrxc5ry93cvf42mkrk986by4cf9l12z')
Version: 1.3.6
	Sub SQL: None
	FAILED SQL: None
	Params: None
	Version: None

-----------------
Traceback (most recent call last):
  File "C:\Users\SOHAM\AppData\Local\Programs\Python\Python310\lib\site-packages\django\contrib\sessions\backends\base.py", line 233, in _get_session
    return self._session_cache
AttributeError: 'SessionStore' object has no attribute '_session_cache'

During handling of the above exception, another exception occurred:

Traceback (most recent call last):
  File "C:\Users\SOHAM\AppData\Local\Programs\Python\Python310\lib\site-packages\djongo\sql2mongo\query.py", line 808, in __iter__
    yield from iter(self._query)
  File "C:\Users\SOHAM\AppData\Local\Programs\Python\Python310\lib\site-packages\djongo\sql2mongo\query.py", line 166, in __iter__
    for doc in cursor:
  File "C:\Users\SOHAM\AppData\Local\Programs\Python\Python310\lib\site-packages\pymongo\synchronous\cursor.py", line 1166, in __next__
    return self.next()
  File "C:\Users\SOHAM\AppData\Local\Programs\Python\Python310\lib\site-packages\pymongo\synchronous\cursor.py", line 1142, in next
    if len(self._data) or self._refresh():
  File "C:\Users\SOHAM\AppData\Local\Programs\Python\Python310\lib\site-packages\pymongo\synchronous\cursor.py", line 1090, in _refresh
    self._send_message(q)
  File "C:\Users\SOHAM\AppData\Local\Programs\Python\Python310\lib\site-packages\pymongo\synchronous\cursor.py", line 985, in _send_message
    response = client._run_operation(
  File "C:\Users\SOHAM\AppData\Local\Programs\Python\Python310\lib\site-packages\pymongo\_csot.py", line 125, in csot_wrapper
    return func(self, *args, **kwargs)
  File "C:\Users\SOHAM\AppData\Local\Programs\Python\Python310\lib\site-packages\pymongo\synchronous\mongo_client.py", line 1956, in _run_operation
    return self._retryable_read(
  File "C:\Users\SOHAM\AppData\Local\Programs\Python\Python310\lib\site-packages\pymongo\synchronous\mongo_client.py", line 2076, in _retryable_read
    return self._retry_internal(
  File "C:\Users\SOHAM\AppData\Local\Programs\Python\Python310\lib\site-packages\pymongo\_csot.py", line 125, in csot_wrapper
    return func(self, *args, **kwargs)
  File "C:\Users\SOHAM\AppData\Local\Programs\Python\Python310\lib\site-packages\pymongo\synchronous\mongo_client.py", line 2038, in _retry_internal
    ).run()
  File "C:\Users\SOHAM\AppData\Local\Programs\Python\Python310\lib\site-packages\pymongo\synchronous\mongo_client.py", line 2811, in run
    res = self._read() if self._is_read else self._write()
  File "C:\Users\SOHAM\AppData\Local\Programs\Python\Python310\lib\site-packages\pymongo\synchronous\mongo_client.py", line 3027, in _read
    self._server = self._get_server()
  File "C:\Users\SOHAM\AppData\Local\Programs\Python\Python310\lib\site-packages\pymongo\synchronous\mongo_client.py", line 2975, in _get_server
    return self._client._select_server(
  File "C:\Users\SOHAM\AppData\Local\Programs\Python\Python310\lib\site-packages\pymongo\synchronous\mongo_client.py", line 1851, in _select_server
    server = topology.select_server(
  File "C:\Users\SOHAM\AppData\Local\Programs\Python\Python310\lib\site-packages\pymongo\synchronous\topology.py", line 428, in select_server
    server = self._select_server(
  File "C:\Users\SOHAM\AppData\Local\Programs\Python\Python310\lib\site-packages\pymongo\synchronous\topology.py", line 402, in _select_server
    servers = self.select_servers(
  File "C:\Users\SOHAM\AppData\Local\Programs\Python\Python310\lib\site-packages\pymongo\synchronous\topology.py", line 298, in select_servers
    server_descriptions = self._select_servers_loop(
  File "C:\Users\SOHAM\AppData\Local\Programs\Python\Python310\lib\site-packages\pymongo\synchronous\topology.py", line 376, in _select_servers_loop
    self._ensure_opened()
  File "C:\Users\SOHAM\AppData\Local\Programs\Python\Python310\lib\site-packages\pymongo\synchronous\topology.py", line 812, in _ensure_opened
    raise InvalidOperation("Cannot use MongoClient after close")
pymongo.errors.InvalidOperation: Cannot use MongoClient after close

The above exception was the direct cause of the following exception:

Traceback (most recent call last):
  File "C:\Users\SOHAM\AppData\Local\Programs\Python\Python310\lib\site-packages\djongo\cursor.py", line 65, in fetchmany
    ret.append(self.result.next())
  File "C:\Users\SOHAM\AppData\Local\Programs\Python\Python310\lib\site-packages\djongo\sql2mongo\query.py", line 797, in __next__
    result = next(self._result_generator)
  File "C:\Users\SOHAM\AppData\Local\Programs\Python\Python310\lib\site-packages\djongo\sql2mongo\query.py", line 830, in __iter__
    raise exe from e
djongo.exceptions.SQLDecodeError: 

	Keyword: FAILED SQL: SELECT "django_session"."session_key", "django_session"."session_data", "django_session"."expire_date" FROM "django_session" WHERE ("django_session"."expire_date" > %(0)s AND "django_session"."session_key" = %(1)s) LIMIT 21
Params: (datetime.datetime(2026, 8, 3, 19, 7, 42, 968917), 'ewrxc5ry93cvf42mkrk986by4cf9l12z')
Version: 1.3.6
	Sub SQL: None
	FAILED SQL: None
	Params: None
	Version: None

The above exception was the direct cause of the following exception:

Traceback (most recent call last):
  File "C:\Users\SOHAM\AppData\Local\Programs\Python\Python310\lib\site-packages\django\db\utils.py", line 97, in inner
    return func(*args, **kwargs)
  File "C:\Users\SOHAM\AppData\Local\Programs\Python\Python310\lib\site-packages\djongo\cursor.py", line 75, in fetchmany
    raise db_exe from e
djongo.database.DatabaseError: 

	Keyword: FAILED SQL: SELECT "django_session"."session_key", "django_session"."session_data", "django_session"."expire_date" FROM "django_session" WHERE ("django_session"."expire_date" > %(0)s AND "django_session"."session_key" = %(1)s) LIMIT 21
Params: (datetime.datetime(2026, 8, 3, 19, 7, 42, 968917), 'ewrxc5ry93cvf42mkrk986by4cf9l12z')
Version: 1.3.6
	Sub SQL: None
	FAILED SQL: None
	Params: None
	Version: None
TRACE:
Traceback (most recent call last):
  File "C:\Users\SOHAM\AppData\Local\Programs\Python\Python310\lib\site-packages\django\contrib\sessions\backends\base.py", line 233, in _get_session
    return self._session_cache
AttributeError: 'SessionStore' object has no attribute '_session_cache'

During handling of the above exception, another exception occurred:

Traceback (most recent call last):
  File "C:\Users\SOHAM\AppData\Local\Programs\Python\Python310\lib\site-packages\djongo\sql2mongo\query.py", line 808, in __iter__
    yield from iter(self._query)
  File "C:\Users\SOHAM\AppData\Local\Programs\Python\Python310\lib\site-packages\djongo\sql2mongo\query.py", line 166, in __iter__
    for doc in cursor:
  File "C:\Users\SOHAM\AppData\Local\Programs\Python\Python310\lib\site-packages\pymongo\synchronous\cursor.py", line 1166, in __next__
    return self.next()
  File "C:\Users\SOHAM\AppData\Local\Programs\Python\Python310\lib\site-packages\pymongo\synchronous\cursor.py", line 1142, in next
    if len(self._data) or self._refresh():
  File "C:\Users\SOHAM\AppData\Local\Programs\Python\Python310\lib\site-packages\pymongo\synchronous\cursor.py", line 1090, in _refresh
    self._send_message(q)
  File "C:\Users\SOHAM\AppData\Local\Programs\Python\Python310\lib\site-packages\pymongo\synchronous\cursor.py", line 985, in _send_message
    response = client._run_operation(
  File "C:\Users\SOHAM\AppData\Local\Programs\Python\Python310\lib\site-packages\pymongo\_csot.py", line 125, in csot_wrapper
    return func(self, *args, **kwargs)
  File "C:\Users\SOHAM\AppData\Local\Programs\Python\Python310\lib\site-packages\pymongo\synchronous\mongo_client.py", line 1956, in _run_operation
    return self._retryable_read(
  File "C:\Users\SOHAM\AppData\Local\Programs\Python\Python310\lib\site-packages\pymongo\synchronous\mongo_client.py", line 2076, in _retryable_read
    return self._retry_internal(
  File "C:\Users\SOHAM\AppData\Local\Programs\Python\Python310\lib\site-packages\pymongo\_csot.py", line 125, in csot_wrapper
    return func(self, *args, **kwargs)
  File "C:\Users\SOHAM\AppData\Local\Programs\Python\Python310\lib\site-packages\pymongo\synchronous\mongo_client.py", line 2038, in _retry_internal
    ).run()
  File "C:\Users\SOHAM\AppData\Local\Programs\Python\Python310\lib\site-packages\pymongo\synchronous\mongo_client.py", line 2811, in run
    res = self._read() if self._is_read else self._write()
  File "C:\Users\SOHAM\AppData\Local\Programs\Python\Python310\lib\site-packages\pymongo\synchronous\mongo_client.py", line 3027, in _read
    self._server = self._get_server()
  File "C:\Users\SOHAM\AppData\Local\Programs\Python\Python310\lib\site-packages\pymongo\synchronous\mongo_client.py", line 2975, in _get_server
    return self._client._select_server(
  File "C:\Users\SOHAM\AppData\Local\Programs\Python\Python310\lib\site-packages\pymongo\synchronous\mongo_client.py", line 1851, in _select_server
    server = topology.select_server(
  File "C:\Users\SOHAM\AppData\Local\Programs\Python\Python310\lib\site-packages\pymongo\synchronous\topology.py", line 428, in select_server
    server = self._select_server(
  File "C:\Users\SOHAM\AppData\Local\Programs\Python\Python310\lib\site-packages\pymongo\synchronous\topology.py", line 402, in _select_server
    servers = self.select_servers(
  File "C:\Users\SOHAM\AppData\Local\Programs\Python\Python310\lib\site-packages\pymongo\synchronous\topology.py", line 298, in select_servers
    server_descriptions = self._select_servers_loop(
  File "C:\Users\SOHAM\AppData\Local\Programs\Python\Python310\lib\site-packages\pymongo\synchronous\topology.py", line 376, in _select_servers_loop
    self._ensure_opened()
  File "C:\Users\SOHAM\AppData\Local\Programs\Python\Python310\lib\site-packages\pymongo\synchronous\topology.py", line 812, in _ensure_opened
    raise InvalidOperation("Cannot use MongoClient after close")
pymongo.errors.InvalidOperation: Cannot use MongoClient after close

The above exception was the direct cause of the following exception:

Traceback (most recent call last):
  File "C:\Users\SOHAM\AppData\Local\Programs\Python\Python310\lib\site-packages\djongo\cursor.py", line 65, in fetchmany
    ret.append(self.result.next())
  File "C:\Users\SOHAM\AppData\Local\Programs\Python\Python310\lib\site-packages\djongo\sql2mongo\query.py", line 797, in __next__
    result = next(self._result_generator)
  File "C:\Users\SOHAM\AppData\Local\Programs\Python\Python310\lib\site-packages\djongo\sql2mongo\query.py", line 830, in __iter__
    raise exe from e
djongo.exceptions.SQLDecodeError: 

	Keyword: FAILED SQL: SELECT "django_session"."session_key", "django_session"."session_data", "django_session"."expire_date" FROM "django_session" WHERE ("django_session"."expire_date" > %(0)s AND "django_session"."session_key" = %(1)s) LIMIT 21
Params: (datetime.datetime(2026, 8, 3, 19, 7, 42, 968917), 'ewrxc5ry93cvf42mkrk986by4cf9l12z')
Version: 1.3.6
	Sub SQL: None
	FAILED SQL: None
	Params: None
	Version: None


The above exception was the direct cause of the following exception:

Traceback (most recent call last):
  File "C:\Users\SOHAM\AppData\Local\Programs\Python\Python310\lib\site-packages\django\core\handlers\exception.py", line 47, in inner
    response = get_response(request)
  File "C:\Users\SOHAM\AppData\Local\Programs\Python\Python310\lib\site-packages\django\core\handlers\base.py", line 181, in _get_response
    response = wrapped_callback(request, *callback_args, **callback_kwargs)
  File "C:\Users\SOHAM\AppData\Local\Programs\Python\Python310\lib\site-packages\django\contrib\admin\sites.py", line 250, in wrapper
    return self.admin_view(view, cacheable)(*args, **kwargs)
  File "C:\Users\SOHAM\AppData\Local\Programs\Python\Python310\lib\site-packages\django\utils\decorators.py", line 130, in _wrapped_view
    response = view_func(request, *args, **kwargs)
  File "C:\Users\SOHAM\AppData\Local\Programs\Python\Python310\lib\site-packages\django\views\decorators\cache.py", line 44, in _wrapped_view_func
    response = view_func(request, *args, **kwargs)
  File "C:\Users\SOHAM\AppData\Local\Programs\Python\Python310\lib\site-packages\django\contrib\admin\sites.py", line 221, in inner
    if not self.has_permission(request):
  File "C:\Users\SOHAM\AppData\Local\Programs\Python\Python310\lib\site-packages\django\contrib\admin\sites.py", line 195, in has_permission
    return request.user.is_active and request.user.is_staff
  File "C:\Users\SOHAM\AppData\Local\Programs\Python\Python310\lib\site-packages\django\utils\functional.py", line 246, in inner
    self._setup()
  File "C:\Users\SOHAM\AppData\Local\Programs\Python\Python310\lib\site-packages\django\utils\functional.py", line 382, in _setup
    self._wrapped = self._setupfunc()
  File "C:\Users\SOHAM\AppData\Local\Programs\Python\Python310\lib\site-packages\django\contrib\auth\middleware.py", line 23, in <lambda>
    request.user = SimpleLazyObject(lambda: get_user(request))
  File "C:\Users\SOHAM\AppData\Local\Programs\Python\Python310\lib\site-packages\django\contrib\auth\middleware.py", line 11, in get_user
    request._cached_user = auth.get_user(request)
  File "C:\Users\SOHAM\AppData\Local\Programs\Python\Python310\lib\site-packages\django\contrib\auth\__init__.py", line 177, in get_user
    user_id = _get_user_session_key(request)
  File "C:\Users\SOHAM\AppData\Local\Programs\Python\Python310\lib\site-packages\django\contrib\auth\__init__.py", line 60, in _get_user_session_key
    return get_user_model()._meta.pk.to_python(request.session[SESSION_KEY])
  File "C:\Users\SOHAM\AppData\Local\Programs\Python\Python310\lib\site-packages\django\contrib\sessions\backends\base.py", line 65, in __getitem__
    return self._session[key]
  File "C:\Users\SOHAM\AppData\Local\Programs\Python\Python310\lib\site-packages\django\contrib\sessions\backends\base.py", line 238, in _get_session
    self._session_cache = self.load()
  File "C:\Users\SOHAM\AppData\Local\Programs\Python\Python310\lib\site-packages\django\contrib\sessions\backends\db.py", line 43, in load
    s = self._get_session_from_db()
  File "C:\Users\SOHAM\AppData\Local\Programs\Python\Python310\lib\site-packages\django\contrib\sessions\backends\db.py", line 32, in _get_session_from_db
    return self.model.objects.get(
  File "C:\Users\SOHAM\AppData\Local\Programs\Python\Python310\lib\site-packages\django\db\models\manager.py", line 85, in manager_method
    return getattr(self.get_queryset(), name)(*args, **kwargs)
  File "C:\Users\SOHAM\AppData\Local\Programs\Python\Python310\lib\site-packages\django\db\models\query.py", line 431, in get
    num = len(clone)
  File "C:\Users\SOHAM\AppData\Local\Programs\Python\Python310\lib\site-packages\django\db\models\query.py", line 262, in __len__
    self._fetch_all()
  File "C:\Users\SOHAM\AppData\Local\Programs\Python\Python310\lib\site-packages\django\db\models\query.py", line 1324, in _fetch_all
    self._result_cache = list(self._iterable_class(self))
  File "C:\Users\SOHAM\AppData\Local\Programs\Python\Python310\lib\site-packages\django\db\models\query.py", line 51, in __iter__
    results = compiler.execute_sql(chunked_fetch=self.chunked_fetch, chunk_size=self.chunk_size)
  File "C:\Users\SOHAM\AppData\Local\Programs\Python\Python310\lib\site-packages\django\db\models\sql\compiler.py", line 1208, in execute_sql
    return list(result)
  File "C:\Users\SOHAM\AppData\Local\Programs\Python\Python310\lib\site-packages\django\db\models\sql\compiler.py", line 1646, in cursor_iter
    for rows in iter((lambda: cursor.fetchmany(itersize)), sentinel):
  File "C:\Users\SOHAM\AppData\Local\Programs\Python\Python310\lib\site-packages\django\db\models\sql\compiler.py", line 1646, in <lambda>
    for rows in iter((lambda: cursor.fetchmany(itersize)), sentinel):
  File "C:\Users\SOHAM\AppData\Local\Programs\Python\Python310\lib\site-packages\django\db\utils.py", line 96, in inner
    with self:
  File "C:\Users\SOHAM\AppData\Local\Programs\Python\Python310\lib\site-packages\django\db\utils.py", line 90, in __exit__
    raise dj_exc_value.with_traceback(traceback) from exc_value
  File "C:\Users\SOHAM\AppData\Local\Programs\Python\Python310\lib\site-packages\django\db\utils.py", line 97, in inner
    return func(*args, **kwargs)
  File "C:\Users\SOHAM\AppData\Local\Programs\Python\Python310\lib\site-packages\djongo\cursor.py", line 75, in fetchmany
    raise db_exe from e
django.db.utils.DatabaseError: 

	Keyword: FAILED SQL: SELECT "django_session"."session_key", "django_session"."session_data", "django_session"."expire_date" FROM "django_session" WHERE ("django_session"."expire_date" > %(0)s AND "django_session"."session_key" = %(1)s) LIMIT 21
Params: (datetime.datetime(2026, 8, 3, 19, 7, 42, 968917), 'ewrxc5ry93cvf42mkrk986by4cf9l12z')
Version: 1.3.6
	Sub SQL: None
	FAILED SQL: None
	Params: None
	Version: None
TRACE:
Traceback (most recent call last):
  File "C:\Users\SOHAM\AppData\Local\Programs\Python\Python310\lib\site-packages\django\contrib\sessions\backends\base.py", line 233, in _get_session
    return self._session_cache
AttributeError: 'SessionStore' object has no attribute '_session_cache'

During handling of the above exception, another exception occurred:

Traceback (most recent call last):
  File "C:\Users\SOHAM\AppData\Local\Programs\Python\Python310\lib\site-packages\djongo\sql2mongo\query.py", line 808, in __iter__
    yield from iter(self._query)
  File "C:\Users\SOHAM\AppData\Local\Programs\Python\Python310\lib\site-packages\djongo\sql2mongo\query.py", line 166, in __iter__
    for doc in cursor:
  File "C:\Users\SOHAM\AppData\Local\Programs\Python\Python310\lib\site-packages\pymongo\synchronous\cursor.py", line 1166, in __next__
    return self.next()
  File "C:\Users\SOHAM\AppData\Local\Programs\Python\Python310\lib\site-packages\pymongo\synchronous\cursor.py", line 1142, in next
    if len(self._data) or self._refresh():
  File "C:\Users\SOHAM\AppData\Local\Programs\Python\Python310\lib\site-packages\pymongo\synchronous\cursor.py", line 1090, in _refresh
    self._send_message(q)
  File "C:\Users\SOHAM\AppData\Local\Programs\Python\Python310\lib\site-packages\pymongo\synchronous\cursor.py", line 985, in _send_message
    response = client._run_operation(
  File "C:\Users\SOHAM\AppData\Local\Programs\Python\Python310\lib\site-packages\pymongo\_csot.py", line 125, in csot_wrapper
    return func(self, *args, **kwargs)
  File "C:\Users\SOHAM\AppData\Local\Programs\Python\Python310\lib\site-packages\pymongo\synchronous\mongo_client.py", line 1956, in _run_operation
    return self._retryable_read(
  File "C:\Users\SOHAM\AppData\Local\Programs\Python\Python310\lib\site-packages\pymongo\synchronous\mongo_client.py", line 2076, in _retryable_read
    return self._retry_internal(
  File "C:\Users\SOHAM\AppData\Local\Programs\Python\Python310\lib\site-packages\pymongo\_csot.py", line 125, in csot_wrapper
    return func(self, *args, **kwargs)
  File "C:\Users\SOHAM\AppData\Local\Programs\Python\Python310\lib\site-packages\pymongo\synchronous\mongo_client.py", line 2038, in _retry_internal
    ).run()
  File "C:\Users\SOHAM\AppData\Local\Programs\Python\Python310\lib\site-packages\pymongo\synchronous\mongo_client.py", line 2811, in run
    res = self._read() if self._is_read else self._write()
  File "C:\Users\SOHAM\AppData\Local\Programs\Python\Python310\lib\site-packages\pymongo\synchronous\mongo_client.py", line 3027, in _read
    self._server = self._get_server()
  File "C:\Users\SOHAM\AppData\Local\Programs\Python\Python310\lib\site-packages\pymongo\synchronous\mongo_client.py", line 2975, in _get_server
    return self._client._select_server(
  File "C:\Users\SOHAM\AppData\Local\Programs\Python\Python310\lib\site-packages\pymongo\synchronous\mongo_client.py", line 1851, in _select_server
    server = topology.select_server(
  File "C:\Users\SOHAM\AppData\Local\Programs\Python\Python310\lib\site-packages\pymongo\synchronous\topology.py", line 428, in select_server
    server = self._select_server(
  File "C:\Users\SOHAM\AppData\Local\Programs\Python\Python310\lib\site-packages\pymongo\synchronous\topology.py", line 402, in _select_server
    servers = self.select_servers(
  File "C:\Users\SOHAM\AppData\Local\Programs\Python\Python310\lib\site-packages\pymongo\synchronous\topology.py", line 298, in select_servers
    server_descriptions = self._select_servers_loop(
  File "C:\Users\SOHAM\AppData\Local\Programs\Python\Python310\lib\site-packages\pymongo\synchronous\topology.py", line 376, in _select_servers_loop
    self._ensure_opened()
  File "C:\Users\SOHAM\AppData\Local\Programs\Python\Python310\lib\site-packages\pymongo\synchronous\topology.py", line 812, in _ensure_opened
    raise InvalidOperation("Cannot use MongoClient after close")
pymongo.errors.InvalidOperation: Cannot use MongoClient after close

The above exception was the direct cause of the following exception:

Traceback (most recent call last):
  File "C:\Users\SOHAM\AppData\Local\Programs\Python\Python310\lib\site-packages\djongo\cursor.py", line 65, in fetchmany
    ret.append(self.result.next())
  File "C:\Users\SOHAM\AppData\Local\Programs\Python\Python310\lib\site-packages\djongo\sql2mongo\query.py", line 797, in __next__
    result = next(self._result_generator)
  File "C:\Users\SOHAM\AppData\Local\Programs\Python\Python310\lib\site-packages\djongo\sql2mongo\query.py", line 830, in __iter__
    raise exe from e
djongo.exceptions.SQLDecodeError: 

	Keyword: FAILED SQL: SELECT "django_session"."session_key", "django_session"."session_data", "django_session"."expire_date" FROM "django_session" WHERE ("django_session"."expire_date" > %(0)s AND "django_session"."session_key" = %(1)s) LIMIT 21
Params: (datetime.datetime(2026, 8, 3, 19, 7, 42, 968917), 'ewrxc5ry93cvf42mkrk986by4cf9l12z')
Version: 1.3.6
	Sub SQL: None
	FAILED SQL: None
	Params: None
	Version: None


During handling of the above exception, another exception occurred:

Traceback (most recent call last):
  File "C:\Users\SOHAM\AppData\Local\Programs\Python\Python310\lib\site-packages\django\contrib\sessions\backends\base.py", line 233, in _get_session
    return self._session_cache
AttributeError: 'SessionStore' object has no attribute '_session_cache'

During handling of the above exception, another exception occurred:

Traceback (most recent call last):
  File "C:\Users\SOHAM\AppData\Local\Programs\Python\Python310\lib\site-packages\djongo\sql2mongo\query.py", line 808, in __iter__
    yield from iter(self._query)
  File "C:\Users\SOHAM\AppData\Local\Programs\Python\Python310\lib\site-packages\djongo\sql2mongo\query.py", line 166, in __iter__
    for doc in cursor:
  File "C:\Users\SOHAM\AppData\Local\Programs\Python\Python310\lib\site-packages\pymongo\synchronous\cursor.py", line 1166, in __next__
    return self.next()
  File "C:\Users\SOHAM\AppData\Local\Programs\Python\Python310\lib\site-packages\pymongo\synchronous\cursor.py", line 1142, in next
    if len(self._data) or self._refresh():
  File "C:\Users\SOHAM\AppData\Local\Programs\Python\Python310\lib\site-packages\pymongo\synchronous\cursor.py", line 1090, in _refresh
    self._send_message(q)
  File "C:\Users\SOHAM\AppData\Local\Programs\Python\Python310\lib\site-packages\pymongo\synchronous\cursor.py", line 985, in _send_message
    response = client._run_operation(
  File "C:\Users\SOHAM\AppData\Local\Programs\Python\Python310\lib\site-packages\pymongo\_csot.py", line 125, in csot_wrapper
    return func(self, *args, **kwargs)
  File "C:\Users\SOHAM\AppData\Local\Programs\Python\Python310\lib\site-packages\pymongo\synchronous\mongo_client.py", line 1956, in _run_operation
    return self._retryable_read(
  File "C:\Users\SOHAM\AppData\Local\Programs\Python\Python310\lib\site-packages\pymongo\synchronous\mongo_client.py", line 2076, in _retryable_read
    return self._retry_internal(
  File "C:\Users\SOHAM\AppData\Local\Programs\Python\Python310\lib\site-packages\pymongo\_csot.py", line 125, in csot_wrapper
    return func(self, *args, **kwargs)
  File "C:\Users\SOHAM\AppData\Local\Programs\Python\Python310\lib\site-packages\pymongo\synchronous\mongo_client.py", line 2038, in _retry_internal
    ).run()
  File "C:\Users\SOHAM\AppData\Local\Programs\Python\Python310\lib\site-packages\pymongo\synchronous\mongo_client.py", line 2811, in run
    res = self._read() if self._is_read else self._write()
  File "C:\Users\SOHAM\AppData\Local\Programs\Python\Python310\lib\site-packages\pymongo\synchronous\mongo_client.py", line 3027, in _read
    self._server = self._get_server()
  File "C:\Users\SOHAM\AppData\Local\Programs\Python\Python310\lib\site-packages\pymongo\synchronous\mongo_client.py", line 2975, in _get_server
    return self._client._select_server(
  File "C:\Users\SOHAM\AppData\Local\Programs\Python\Python310\lib\site-packages\pymongo\synchronous\mongo_client.py", line 1851, in _select_server
    server = topology.select_server(
  File "C:\Users\SOHAM\AppData\Local\Programs\Python\Python310\lib\site-packages\pymongo\synchronous\topology.py", line 428, in select_server
    server = self._select_server(
  File "C:\Users\SOHAM\AppData\Local\Programs\Python\Python310\lib\site-packages\pymongo\synchronous\topology.py", line 402, in _select_server
    servers = self.select_servers(
  File "C:\Users\SOHAM\AppData\Local\Programs\Python\Python310\lib\site-packages\pymongo\synchronous\topology.py", line 298, in select_servers
    server_descriptions = self._select_servers_loop(
  File "C:\Users\SOHAM\AppData\Local\Programs\Python\Python310\lib\site-packages\pymongo\synchronous\topology.py", line 376, in _select_servers_loop
    self._ensure_opened()
  File "C:\Users\SOHAM\AppData\Local\Programs\Python\Python310\lib\site-packages\pymongo\synchronous\topology.py", line 812, in _ensure_opened
    raise InvalidOperation("Cannot use MongoClient after close")
pymongo.errors.InvalidOperation: Cannot use MongoClient after close

The above exception was the direct cause of the following exception:

Traceback (most recent call last):
  File "C:\Users\SOHAM\AppData\Local\Programs\Python\Python310\lib\site-packages\djongo\cursor.py", line 65, in fetchmany
    ret.append(self.result.next())
  File "C:\Users\SOHAM\AppData\Local\Programs\Python\Python310\lib\site-packages\djongo\sql2mongo\query.py", line 797, in __next__
    result = next(self._result_generator)
  File "C:\Users\SOHAM\AppData\Local\Programs\Python\Python310\lib\site-packages\djongo\sql2mongo\query.py", line 830, in __iter__
    raise exe from e
djongo.exceptions.SQLDecodeError: 

	Keyword: FAILED SQL: SELECT "django_session"."session_key", "django_session"."session_data", "django_session"."expire_date" FROM "django_session" WHERE ("django_session"."expire_date" > %(0)s AND "django_session"."session_key" = %(1)s) LIMIT 21
Params: (datetime.datetime(2026, 8, 3, 19, 7, 43, 137130), 'ewrxc5ry93cvf42mkrk986by4cf9l12z')
Version: 1.3.6
	Sub SQL: None
	FAILED SQL: None
	Params: None
	Version: None

-----------------
Traceback (most recent call last):
  File "C:\Users\SOHAM\AppData\Local\Programs\Python\Python310\lib\site-packages\django\contrib\sessions\backends\base.py", line 233, in _get_session
    return self._session_cache
AttributeError: 'SessionStore' object has no attribute '_session_cache'

During handling of the above exception, another exception occurred:

Traceback (most recent call last):
  File "C:\Users\SOHAM\AppData\Local\Programs\Python\Python310\lib\site-packages\djongo\sql2mongo\query.py", line 808, in __iter__
    yield from iter(self._query)
  File "C:\Users\SOHAM\AppData\Local\Programs\Python\Python310\lib\site-packages\djongo\sql2mongo\query.py", line 166, in __iter__
    for doc in cursor:
  File "C:\Users\SOHAM\AppData\Local\Programs\Python\Python310\lib\site-packages\pymongo\synchronous\cursor.py", line 1166, in __next__
    return self.next()
  File "C:\Users\SOHAM\AppData\Local\Programs\Python\Python310\lib\site-packages\pymongo\synchronous\cursor.py", line 1142, in next
    if len(self._data) or self._refresh():
  File "C:\Users\SOHAM\AppData\Local\Programs\Python\Python310\lib\site-packages\pymongo\synchronous\cursor.py", line 1090, in _refresh
    self._send_message(q)
  File "C:\Users\SOHAM\AppData\Local\Programs\Python\Python310\lib\site-packages\pymongo\synchronous\cursor.py", line 985, in _send_message
    response = client._run_operation(
  File "C:\Users\SOHAM\AppData\Local\Programs\Python\Python310\lib\site-packages\pymongo\_csot.py", line 125, in csot_wrapper
    return func(self, *args, **kwargs)
  File "C:\Users\SOHAM\AppData\Local\Programs\Python\Python310\lib\site-packages\pymongo\synchronous\mongo_client.py", line 1956, in _run_operation
    return self._retryable_read(
  File "C:\Users\SOHAM\AppData\Local\Programs\Python\Python310\lib\site-packages\pymongo\synchronous\mongo_client.py", line 2076, in _retryable_read
    return self._retry_internal(
  File "C:\Users\SOHAM\AppData\Local\Programs\Python\Python310\lib\site-packages\pymongo\_csot.py", line 125, in csot_wrapper
    return func(self, *args, **kwargs)
  File "C:\Users\SOHAM\AppData\Local\Programs\Python\Python310\lib\site-packages\pymongo\synchronous\mongo_client.py", line 2038, in _retry_internal
    ).run()
  File "C:\Users\SOHAM\AppData\Local\Programs\Python\Python310\lib\site-packages\pymongo\synchronous\mongo_client.py", line 2811, in run
    res = self._read() if self._is_read else self._write()
  File "C:\Users\SOHAM\AppData\Local\Programs\Python\Python310\lib\site-packages\pymongo\synchronous\mongo_client.py", line 3027, in _read
    self._server = self._get_server()
  File "C:\Users\SOHAM\AppData\Local\Programs\Python\Python310\lib\site-packages\pymongo\synchronous\mongo_client.py", line 2975, in _get_server
    return self._client._select_server(
  File "C:\Users\SOHAM\AppData\Local\Programs\Python\Python310\lib\site-packages\pymongo\synchronous\mongo_client.py", line 1851, in _select_server
    server = topology.select_server(
  File "C:\Users\SOHAM\AppData\Local\Programs\Python\Python310\lib\site-packages\pymongo\synchronous\topology.py", line 428, in select_server
    server = self._select_server(
  File "C:\Users\SOHAM\AppData\Local\Programs\Python\Python310\lib\site-packages\pymongo\synchronous\topology.py", line 402, in _select_server
    servers = self.select_servers(
  File "C:\Users\SOHAM\AppData\Local\Programs\Python\Python310\lib\site-packages\pymongo\synchronous\topology.py", line 298, in select_servers
    server_descriptions = self._select_servers_loop(
  File "C:\Users\SOHAM\AppData\Local\Programs\Python\Python310\lib\site-packages\pymongo\synchronous\topology.py", line 376, in _select_servers_loop
    self._ensure_opened()
  File "C:\Users\SOHAM\AppData\Local\Programs\Python\Python310\lib\site-packages\pymongo\synchronous\topology.py", line 812, in _ensure_opened
    raise InvalidOperation("Cannot use MongoClient after close")
pymongo.errors.InvalidOperation: Cannot use MongoClient after close

The above exception was the direct cause of the following exception:

Traceback (most recent call last):
  File "C:\Users\SOHAM\AppData\Local\Programs\Python\Python310\lib\site-packages\djongo\cursor.py", line 65, in fetchmany
    ret.append(self.result.next())
  File "C:\Users\SOHAM\AppData\Local\Programs\Python\Python310\lib\site-packages\djongo\sql2mongo\query.py", line 797, in __next__
    result = next(self._result_generator)
  File "C:\Users\SOHAM\AppData\Local\Programs\Python\Python310\lib\site-packages\djongo\sql2mongo\query.py", line 830, in __iter__
    raise exe from e
djongo.exceptions.SQLDecodeError: 

	Keyword: FAILED SQL: SELECT "django_session"."session_key", "django_session"."session_data", "django_session"."expire_date" FROM "django_session" WHERE ("django_session"."expire_date" > %(0)s AND "django_session"."session_key" = %(1)s) LIMIT 21
Params: (datetime.datetime(2026, 8, 3, 19, 7, 42, 968917), 'ewrxc5ry93cvf42mkrk986by4cf9l12z')
Version: 1.3.6
	Sub SQL: None
	FAILED SQL: None
	Params: None
	Version: None

The above exception was the direct cause of the following exception:

Traceback (most recent call last):
  File "C:\Users\SOHAM\AppData\Local\Programs\Python\Python310\lib\site-packages\django\db\utils.py", line 97, in inner
    return func(*args, **kwargs)
  File "C:\Users\SOHAM\AppData\Local\Programs\Python\Python310\lib\site-packages\djongo\cursor.py", line 75, in fetchmany
    raise db_exe from e
djongo.database.DatabaseError: 

	Keyword: FAILED SQL: SELECT "django_session"."session_key", "django_session"."session_data", "django_session"."expire_date" FROM "django_session" WHERE ("django_session"."expire_date" > %(0)s AND "django_session"."session_key" = %(1)s) LIMIT 21
Params: (datetime.datetime(2026, 8, 3, 19, 7, 42, 968917), 'ewrxc5ry93cvf42mkrk986by4cf9l12z')
Version: 1.3.6
	Sub SQL: None
	FAILED SQL: None
	Params: None
	Version: None
TRACE:
Traceback (most recent call last):
  File "C:\Users\SOHAM\AppData\Local\Programs\Python\Python310\lib\site-packages\django\contrib\sessions\backends\base.py", line 233, in _get_session
    return self._session_cache
AttributeError: 'SessionStore' object has no attribute '_session_cache'

During handling of the above exception, another exception occurred:

Traceback (most recent call last):
  File "C:\Users\SOHAM\AppData\Local\Programs\Python\Python310\lib\site-packages\djongo\sql2mongo\query.py", line 808, in __iter__
    yield from iter(self._query)
  File "C:\Users\SOHAM\AppData\Local\Programs\Python\Python310\lib\site-packages\djongo\sql2mongo\query.py", line 166, in __iter__
    for doc in cursor:
  File "C:\Users\SOHAM\AppData\Local\Programs\Python\Python310\lib\site-packages\pymongo\synchronous\cursor.py", line 1166, in __next__
    return self.next()
  File "C:\Users\SOHAM\AppData\Local\Programs\Python\Python310\lib\site-packages\pymongo\synchronous\cursor.py", line 1142, in next
    if len(self._data) or self._refresh():
  File "C:\Users\SOHAM\AppData\Local\Programs\Python\Python310\lib\site-packages\pymongo\synchronous\cursor.py", line 1090, in _refresh
    self._send_message(q)
  File "C:\Users\SOHAM\AppData\Local\Programs\Python\Python310\lib\site-packages\pymongo\synchronous\cursor.py", line 985, in _send_message
    response = client._run_operation(
  File "C:\Users\SOHAM\AppData\Local\Programs\Python\Python310\lib\site-packages\pymongo\_csot.py", line 125, in csot_wrapper
    return func(self, *args, **kwargs)
  File "C:\Users\SOHAM\AppData\Local\Programs\Python\Python310\lib\site-packages\pymongo\synchronous\mongo_client.py", line 1956, in _run_operation
    return self._retryable_read(
  File "C:\Users\SOHAM\AppData\Local\Programs\Python\Python310\lib\site-packages\pymongo\synchronous\mongo_client.py", line 2076, in _retryable_read
    return self._retry_internal(
  File "C:\Users\SOHAM\AppData\Local\Programs\Python\Python310\lib\site-packages\pymongo\_csot.py", line 125, in csot_wrapper
    return func(self, *args, **kwargs)
  File "C:\Users\SOHAM\AppData\Local\Programs\Python\Python310\lib\site-packages\pymongo\synchronous\mongo_client.py", line 2038, in _retry_internal
    ).run()
  File "C:\Users\SOHAM\AppData\Local\Programs\Python\Python310\lib\site-packages\pymongo\synchronous\mongo_client.py", line 2811, in run
    res = self._read() if self._is_read else self._write()
  File "C:\Users\SOHAM\AppData\Local\Programs\Python\Python310\lib\site-packages\pymongo\synchronous\mongo_client.py", line 3027, in _read
    self._server = self._get_server()
  File "C:\Users\SOHAM\AppData\Local\Programs\Python\Python310\lib\site-packages\pymongo\synchronous\mongo_client.py", line 2975, in _get_server
    return self._client._select_server(
  File "C:\Users\SOHAM\AppData\Local\Programs\Python\Python310\lib\site-packages\pymongo\synchronous\mongo_client.py", line 1851, in _select_server
    server = topology.select_server(
  File "C:\Users\SOHAM\AppData\Local\Programs\Python\Python310\lib\site-packages\pymongo\synchronous\topology.py", line 428, in select_server
    server = self._select_server(
  File "C:\Users\SOHAM\AppData\Local\Programs\Python\Python310\lib\site-packages\pymongo\synchronous\topology.py", line 402, in _select_server
    servers = self.select_servers(
  File "C:\Users\SOHAM\AppData\Local\Programs\Python\Python310\lib\site-packages\pymongo\synchronous\topology.py", line 298, in select_servers
    server_descriptions = self._select_servers_loop(
  File "C:\Users\SOHAM\AppData\Local\Programs\Python\Python310\lib\site-packages\pymongo\synchronous\topology.py", line 376, in _select_servers_loop
    self._ensure_opened()
  File "C:\Users\SOHAM\AppData\Local\Programs\Python\Python310\lib\site-packages\pymongo\synchronous\topology.py", line 812, in _ensure_opened
    raise InvalidOperation("Cannot use MongoClient after close")
pymongo.errors.InvalidOperation: Cannot use MongoClient after close

The above exception was the direct cause of the following exception:

Traceback (most recent call last):
  File "C:\Users\SOHAM\AppData\Local\Programs\Python\Python310\lib\site-packages\djongo\cursor.py", line 65, in fetchmany
    ret.append(self.result.next())
  File "C:\Users\SOHAM\AppData\Local\Programs\Python\Python310\lib\site-packages\djongo\sql2mongo\query.py", line 797, in __next__
    result = next(self._result_generator)
  File "C:\Users\SOHAM\AppData\Local\Programs\Python\Python310\lib\site-packages\djongo\sql2mongo\query.py", line 830, in __iter__
    raise exe from e
djongo.exceptions.SQLDecodeError: 

	Keyword: FAILED SQL: SELECT "django_session"."session_key", "django_session"."session_data", "django_session"."expire_date" FROM "django_session" WHERE ("django_session"."expire_date" > %(0)s AND "django_session"."session_key" = %(1)s) LIMIT 21
Params: (datetime.datetime(2026, 8, 3, 19, 7, 42, 968917), 'ewrxc5ry93cvf42mkrk986by4cf9l12z')
Version: 1.3.6
	Sub SQL: None
	FAILED SQL: None
	Params: None
	Version: None


The above exception was the direct cause of the following exception:

Traceback (most recent call last):
  File "C:\Users\SOHAM\AppData\Local\Programs\Python\Python310\lib\site-packages\django\core\handlers\exception.py", line 47, in inner
    response = get_response(request)
  File "C:\Users\SOHAM\AppData\Local\Programs\Python\Python310\lib\site-packages\django\core\handlers\base.py", line 181, in _get_response
    response = wrapped_callback(request, *callback_args, **callback_kwargs)
  File "C:\Users\SOHAM\AppData\Local\Programs\Python\Python310\lib\site-packages\django\contrib\admin\sites.py", line 250, in wrapper
    return self.admin_view(view, cacheable)(*args, **kwargs)
  File "C:\Users\SOHAM\AppData\Local\Programs\Python\Python310\lib\site-packages\django\utils\decorators.py", line 130, in _wrapped_view
    response = view_func(request, *args, **kwargs)
  File "C:\Users\SOHAM\AppData\Local\Programs\Python\Python310\lib\site-packages\django\views\decorators\cache.py", line 44, in _wrapped_view_func
    response = view_func(request, *args, **kwargs)
  File "C:\Users\SOHAM\AppData\Local\Programs\Python\Python310\lib\site-packages\django\contrib\admin\sites.py", line 221, in inner
    if not self.has_permission(request):
  File "C:\Users\SOHAM\AppData\Local\Programs\Python\Python310\lib\site-packages\django\contrib\admin\sites.py", line 195, in has_permission
    return request.user.is_active and request.user.is_staff
  File "C:\Users\SOHAM\AppData\Local\Programs\Python\Python310\lib\site-packages\django\utils\functional.py", line 246, in inner
    self._setup()
  File "C:\Users\SOHAM\AppData\Local\Programs\Python\Python310\lib\site-packages\django\utils\functional.py", line 382, in _setup
    self._wrapped = self._setupfunc()
  File "C:\Users\SOHAM\AppData\Local\Programs\Python\Python310\lib\site-packages\django\contrib\auth\middleware.py", line 23, in <lambda>
    request.user = SimpleLazyObject(lambda: get_user(request))
  File "C:\Users\SOHAM\AppData\Local\Programs\Python\Python310\lib\site-packages\django\contrib\auth\middleware.py", line 11, in get_user
    request._cached_user = auth.get_user(request)
  File "C:\Users\SOHAM\AppData\Local\Programs\Python\Python310\lib\site-packages\django\contrib\auth\__init__.py", line 177, in get_user
    user_id = _get_user_session_key(request)
  File "C:\Users\SOHAM\AppData\Local\Programs\Python\Python310\lib\site-packages\django\contrib\auth\__init__.py", line 60, in _get_user_session_key
    return get_user_model()._meta.pk.to_python(request.session[SESSION_KEY])
  File "C:\Users\SOHAM\AppData\Local\Programs\Python\Python310\lib\site-packages\django\contrib\sessions\backends\base.py", line 65, in __getitem__
    return self._session[key]
  File "C:\Users\SOHAM\AppData\Local\Programs\Python\Python310\lib\site-packages\django\contrib\sessions\backends\base.py", line 238, in _get_session
    self._session_cache = self.load()
  File "C:\Users\SOHAM\AppData\Local\Programs\Python\Python310\lib\site-packages\django\contrib\sessions\backends\db.py", line 43, in load
    s = self._get_session_from_db()
  File "C:\Users\SOHAM\AppData\Local\Programs\Python\Python310\lib\site-packages\django\contrib\sessions\backends\db.py", line 32, in _get_session_from_db
    return self.model.objects.get(
  File "C:\Users\SOHAM\AppData\Local\Programs\Python\Python310\lib\site-packages\django\db\models\manager.py", line 85, in manager_method
    return getattr(self.get_queryset(), name)(*args, **kwargs)
  File "C:\Users\SOHAM\AppData\Local\Programs\Python\Python310\lib\site-packages\django\db\models\query.py", line 431, in get
    num = len(clone)
  File "C:\Users\SOHAM\AppData\Local\Programs\Python\Python310\lib\site-packages\django\db\models\query.py", line 262, in __len__
    self._fetch_all()
  File "C:\Users\SOHAM\AppData\Local\Programs\Python\Python310\lib\site-packages\django\db\models\query.py", line 1324, in _fetch_all
    self._result_cache = list(self._iterable_class(self))
  File "C:\Users\SOHAM\AppData\Local\Programs\Python\Python310\lib\site-packages\django\db\models\query.py", line 51, in __iter__
    results = compiler.execute_sql(chunked_fetch=self.chunked_fetch, chunk_size=self.chunk_size)
  File "C:\Users\SOHAM\AppData\Local\Programs\Python\Python310\lib\site-packages\django\db\models\sql\compiler.py", line 1208, in execute_sql
    return list(result)
  File "C:\Users\SOHAM\AppData\Local\Programs\Python\Python310\lib\site-packages\django\db\models\sql\compiler.py", line 1646, in cursor_iter
    for rows in iter((lambda: cursor.fetchmany(itersize)), sentinel):
  File "C:\Users\SOHAM\AppData\Local\Programs\Python\Python310\lib\site-packages\django\db\models\sql\compiler.py", line 1646, in <lambda>
    for rows in iter((lambda: cursor.fetchmany(itersize)), sentinel):
  File "C:\Users\SOHAM\AppData\Local\Programs\Python\Python310\lib\site-packages\django\db\utils.py", line 96, in inner
    with self:
  File "C:\Users\SOHAM\AppData\Local\Programs\Python\Python310\lib\site-packages\django\db\utils.py", line 90, in __exit__
    raise dj_exc_value.with_traceback(traceback) from exc_value
  File "C:\Users\SOHAM\AppData\Local\Programs\Python\Python310\lib\site-packages\django\db\utils.py", line 97, in inner
    return func(*args, **kwargs)
  File "C:\Users\SOHAM\AppData\Local\Programs\Python\Python310\lib\site-packages\djongo\cursor.py", line 75, in fetchmany
    raise db_exe from e
django.db.utils.DatabaseError: 

	Keyword: FAILED SQL: SELECT "django_session"."session_key", "django_session"."session_data", "django_session"."expire_date" FROM "django_session" WHERE ("django_session"."expire_date" > %(0)s AND "django_session"."session_key" = %(1)s) LIMIT 21
Params: (datetime.datetime(2026, 8, 3, 19, 7, 42, 968917), 'ewrxc5ry93cvf42mkrk986by4cf9l12z')
Version: 1.3.6
	Sub SQL: None
	FAILED SQL: None
	Params: None
	Version: None
TRACE:
Traceback (most recent call last):
  File "C:\Users\SOHAM\AppData\Local\Programs\Python\Python310\lib\site-packages\django\contrib\sessions\backends\base.py", line 233, in _get_session
    return self._session_cache
AttributeError: 'SessionStore' object has no attribute '_session_cache'

During handling of the above exception, another exception occurred:

Traceback (most recent call last):
  File "C:\Users\SOHAM\AppData\Local\Programs\Python\Python310\lib\site-packages\djongo\sql2mongo\query.py", line 808, in __iter__
    yield from iter(self._query)
  File "C:\Users\SOHAM\AppData\Local\Programs\Python\Python310\lib\site-packages\djongo\sql2mongo\query.py", line 166, in __iter__
    for doc in cursor:
  File "C:\Users\SOHAM\AppData\Local\Programs\Python\Python310\lib\site-packages\pymongo\synchronous\cursor.py", line 1166, in __next__
    return self.next()
  File "C:\Users\SOHAM\AppData\Local\Programs\Python\Python310\lib\site-packages\pymongo\synchronous\cursor.py", line 1142, in next
    if len(self._data) or self._refresh():
  File "C:\Users\SOHAM\AppData\Local\Programs\Python\Python310\lib\site-packages\pymongo\synchronous\cursor.py", line 1090, in _refresh
    self._send_message(q)
  File "C:\Users\SOHAM\AppData\Local\Programs\Python\Python310\lib\site-packages\pymongo\synchronous\cursor.py", line 985, in _send_message
    response = client._run_operation(
  File "C:\Users\SOHAM\AppData\Local\Programs\Python\Python310\lib\site-packages\pymongo\_csot.py", line 125, in csot_wrapper
    return func(self, *args, **kwargs)
  File "C:\Users\SOHAM\AppData\Local\Programs\Python\Python310\lib\site-packages\pymongo\synchronous\mongo_client.py", line 1956, in _run_operation
    return self._retryable_read(
  File "C:\Users\SOHAM\AppData\Local\Programs\Python\Python310\lib\site-packages\pymongo\synchronous\mongo_client.py", line 2076, in _retryable_read
    return self._retry_internal(
  File "C:\Users\SOHAM\AppData\Local\Programs\Python\Python310\lib\site-packages\pymongo\_csot.py", line 125, in csot_wrapper
    return func(self, *args, **kwargs)
  File "C:\Users\SOHAM\AppData\Local\Programs\Python\Python310\lib\site-packages\pymongo\synchronous\mongo_client.py", line 2038, in _retry_internal
    ).run()
  File "C:\Users\SOHAM\AppData\Local\Programs\Python\Python310\lib\site-packages\pymongo\synchronous\mongo_client.py", line 2811, in run
    res = self._read() if self._is_read else self._write()
  File "C:\Users\SOHAM\AppData\Local\Programs\Python\Python310\lib\site-packages\pymongo\synchronous\mongo_client.py", line 3027, in _read
    self._server = self._get_server()
  File "C:\Users\SOHAM\AppData\Local\Programs\Python\Python310\lib\site-packages\pymongo\synchronous\mongo_client.py", line 2975, in _get_server
    return self._client._select_server(
  File "C:\Users\SOHAM\AppData\Local\Programs\Python\Python310\lib\site-packages\pymongo\synchronous\mongo_client.py", line 1851, in _select_server
    server = topology.select_server(
  File "C:\Users\SOHAM\AppData\Local\Programs\Python\Python310\lib\site-packages\pymongo\synchronous\topology.py", line 428, in select_server
    server = self._select_server(
  File "C:\Users\SOHAM\AppData\Local\Programs\Python\Python310\lib\site-packages\pymongo\synchronous\topology.py", line 402, in _select_server
    servers = self.select_servers(
  File "C:\Users\SOHAM\AppData\Local\Programs\Python\Python310\lib\site-packages\pymongo\synchronous\topology.py", line 298, in select_servers
    server_descriptions = self._select_servers_loop(
  File "C:\Users\SOHAM\AppData\Local\Programs\Python\Python310\lib\site-packages\pymongo\synchronous\topology.py", line 376, in _select_servers_loop
    self._ensure_opened()
  File "C:\Users\SOHAM\AppData\Local\Programs\Python\Python310\lib\site-packages\pymongo\synchronous\topology.py", line 812, in _ensure_opened
    raise InvalidOperation("Cannot use MongoClient after close")
pymongo.errors.InvalidOperation: Cannot use MongoClient after close

The above exception was the direct cause of the following exception:

Traceback (most recent call last):
  File "C:\Users\SOHAM\AppData\Local\Programs\Python\Python310\lib\site-packages\djongo\cursor.py", line 65, in fetchmany
    ret.append(self.result.next())
  File "C:\Users\SOHAM\AppData\Local\Programs\Python\Python310\lib\site-packages\djongo\sql2mongo\query.py", line 797, in __next__
    result = next(self._result_generator)
  File "C:\Users\SOHAM\AppData\Local\Programs\Python\Python310\lib\site-packages\djongo\sql2mongo\query.py", line 830, in __iter__
    raise exe from e
djongo.exceptions.SQLDecodeError: 

	Keyword: FAILED SQL: SELECT "django_session"."session_key", "django_session"."session_data", "django_session"."expire_date" FROM "django_session" WHERE ("django_session"."expire_date" > %(0)s AND "django_session"."session_key" = %(1)s) LIMIT 21
Params: (datetime.datetime(2026, 8, 3, 19, 7, 42, 968917), 'ewrxc5ry93cvf42mkrk986by4cf9l12z')
Version: 1.3.6
	Sub SQL: None
	FAILED SQL: None
	Params: None
	Version: None


During handling of the above exception, another exception occurred:

Traceback (most recent call last):
  File "C:\Users\SOHAM\AppData\Local\Programs\Python\Python310\lib\site-packages\django\contrib\sessions\backends\base.py", line 233, in _get_session
    return self._session_cache
AttributeError: 'SessionStore' object has no attribute '_session_cache'

During handling of the above exception, another exception occurred:

Traceback (most recent call last):
  File "C:\Users\SOHAM\AppData\Local\Programs\Python\Python310\lib\site-packages\djongo\sql2mongo\query.py", line 808, in __iter__
    yield from iter(self._query)
  File "C:\Users\SOHAM\AppData\Local\Programs\Python\Python310\lib\site-packages\djongo\sql2mongo\query.py", line 166, in __iter__
    for doc in cursor:
  File "C:\Users\SOHAM\AppData\Local\Programs\Python\Python310\lib\site-packages\pymongo\synchronous\cursor.py", line 1166, in __next__
    return self.next()
  File "C:\Users\SOHAM\AppData\Local\Programs\Python\Python310\lib\site-packages\pymongo\synchronous\cursor.py", line 1142, in next
    if len(self._data) or self._refresh():
  File "C:\Users\SOHAM\AppData\Local\Programs\Python\Python310\lib\site-packages\pymongo\synchronous\cursor.py", line 1090, in _refresh
    self._send_message(q)
  File "C:\Users\SOHAM\AppData\Local\Programs\Python\Python310\lib\site-packages\pymongo\synchronous\cursor.py", line 985, in _send_message
    response = client._run_operation(
  File "C:\Users\SOHAM\AppData\Local\Programs\Python\Python310\lib\site-packages\pymongo\_csot.py", line 125, in csot_wrapper
    return func(self, *args, **kwargs)
  File "C:\Users\SOHAM\AppData\Local\Programs\Python\Python310\lib\site-packages\pymongo\synchronous\mongo_client.py", line 1956, in _run_operation
    return self._retryable_read(
  File "C:\Users\SOHAM\AppData\Local\Programs\Python\Python310\lib\site-packages\pymongo\synchronous\mongo_client.py", line 2076, in _retryable_read
    return self._retry_internal(
  File "C:\Users\SOHAM\AppData\Local\Programs\Python\Python310\lib\site-packages\pymongo\_csot.py", line 125, in csot_wrapper
    return func(self, *args, **kwargs)
  File "C:\Users\SOHAM\AppData\Local\Programs\Python\Python310\lib\site-packages\pymongo\synchronous\mongo_client.py", line 2038, in _retry_internal
    ).run()
  File "C:\Users\SOHAM\AppData\Local\Programs\Python\Python310\lib\site-packages\pymongo\synchronous\mongo_client.py", line 2811, in run
    res = self._read() if self._is_read else self._write()
  File "C:\Users\SOHAM\AppData\Local\Programs\Python\Python310\lib\site-packages\pymongo\synchronous\mongo_client.py", line 3027, in _read
    self._server = self._get_server()
  File "C:\Users\SOHAM\AppData\Local\Programs\Python\Python310\lib\site-packages\pymongo\synchronous\mongo_client.py", line 2975, in _get_server
    return self._client._select_server(
  File "C:\Users\SOHAM\AppData\Local\Programs\Python\Python310\lib\site-packages\pymongo\synchronous\mongo_client.py", line 1851, in _select_server
    server = topology.select_server(
  File "C:\Users\SOHAM\AppData\Local\Programs\Python\Python310\lib\site-packages\pymongo\synchronous\topology.py", line 428, in select_server
    server = self._select_server(
  File "C:\Users\SOHAM\AppData\Local\Programs\Python\Python310\lib\site-packages\pymongo\synchronous\topology.py", line 402, in _select_server
    servers = self.select_servers(
  File "C:\Users\SOHAM\AppData\Local\Programs\Python\Python310\lib\site-packages\pymongo\synchronous\topology.py", line 298, in select_servers
    server_descriptions = self._select_servers_loop(
  File "C:\Users\SOHAM\AppData\Local\Programs\Python\Python310\lib\site-packages\pymongo\synchronous\topology.py", line 376, in _select_servers_loop
    self._ensure_opened()
  File "C:\Users\SOHAM\AppData\Local\Programs\Python\Python310\lib\site-packages\pymongo\synchronous\topology.py", line 812, in _ensure_opened
    raise InvalidOperation("Cannot use MongoClient after close")
pymongo.errors.InvalidOperation: Cannot use MongoClient after close

The above exception was the direct cause of the following exception:

Traceback (most recent call last):
  File "C:\Users\SOHAM\AppData\Local\Programs\Python\Python310\lib\site-packages\djongo\cursor.py", line 65, in fetchmany
    ret.append(self.result.next())
  File "C:\Users\SOHAM\AppData\Local\Programs\Python\Python310\lib\site-packages\djongo\sql2mongo\query.py", line 797, in __next__
    result = next(self._result_generator)
  File "C:\Users\SOHAM\AppData\Local\Programs\Python\Python310\lib\site-packages\djongo\sql2mongo\query.py", line 830, in __iter__
    raise exe from e
djongo.exceptions.SQLDecodeError: 

	Keyword: FAILED SQL: SELECT "django_session"."session_key", "django_session"."session_data", "django_session"."expire_date" FROM "django_session" WHERE ("django_session"."expire_date" > %(0)s AND "django_session"."session_key" = %(1)s) LIMIT 21
Params: (datetime.datetime(2026, 8, 3, 19, 7, 43, 201504), 'ewrxc5ry93cvf42mkrk986by4cf9l12z')
Version: 1.3.6
	Sub SQL: None
	FAILED SQL: None
	Params: None
	Version: None

-----------------
Traceback (most recent call last):
  File "C:\Users\SOHAM\AppData\Local\Programs\Python\Python310\lib\site-packages\django\contrib\sessions\backends\base.py", line 233, in _get_session
    return self._session_cache
AttributeError: 'SessionStore' object has no attribute '_session_cache'

During handling of the above exception, another exception occurred:

Traceback (most recent call last):
  File "C:\Users\SOHAM\AppData\Local\Programs\Python\Python310\lib\site-packages\djongo\sql2mongo\query.py", line 808, in __iter__
    yield from iter(self._query)
  File "C:\Users\SOHAM\AppData\Local\Programs\Python\Python310\lib\site-packages\djongo\sql2mongo\query.py", line 166, in __iter__
    for doc in cursor:
  File "C:\Users\SOHAM\AppData\Local\Programs\Python\Python310\lib\site-packages\pymongo\synchronous\cursor.py", line 1166, in __next__
    return self.next()
  File "C:\Users\SOHAM\AppData\Local\Programs\Python\Python310\lib\site-packages\pymongo\synchronous\cursor.py", line 1142, in next
    if len(self._data) or self._refresh():
  File "C:\Users\SOHAM\AppData\Local\Programs\Python\Python310\lib\site-packages\pymongo\synchronous\cursor.py", line 1090, in _refresh
    self._send_message(q)
  File "C:\Users\SOHAM\AppData\Local\Programs\Python\Python310\lib\site-packages\pymongo\synchronous\cursor.py", line 985, in _send_message
    response = client._run_operation(
  File "C:\Users\SOHAM\AppData\Local\Programs\Python\Python310\lib\site-packages\pymongo\_csot.py", line 125, in csot_wrapper
    return func(self, *args, **kwargs)
  File "C:\Users\SOHAM\AppData\Local\Programs\Python\Python310\lib\site-packages\pymongo\synchronous\mongo_client.py", line 1956, in _run_operation
    return self._retryable_read(
  File "C:\Users\SOHAM\AppData\Local\Programs\Python\Python310\lib\site-packages\pymongo\synchronous\mongo_client.py", line 2076, in _retryable_read
    return self._retry_internal(
  File "C:\Users\SOHAM\AppData\Local\Programs\Python\Python310\lib\site-packages\pymongo\_csot.py", line 125, in csot_wrapper
    return func(self, *args, **kwargs)
  File "C:\Users\SOHAM\AppData\Local\Programs\Python\Python310\lib\site-packages\pymongo\synchronous\mongo_client.py", line 2038, in _retry_internal
    ).run()
  File "C:\Users\SOHAM\AppData\Local\Programs\Python\Python310\lib\site-packages\pymongo\synchronous\mongo_client.py", line 2811, in run
    res = self._read() if self._is_read else self._write()
  File "C:\Users\SOHAM\AppData\Local\Programs\Python\Python310\lib\site-packages\pymongo\synchronous\mongo_client.py", line 3027, in _read
    self._server = self._get_server()
  File "C:\Users\SOHAM\AppData\Local\Programs\Python\Python310\lib\site-packages\pymongo\synchronous\mongo_client.py", line 2975, in _get_server
    return self._client._select_server(
  File "C:\Users\SOHAM\AppData\Local\Programs\Python\Python310\lib\site-packages\pymongo\synchronous\mongo_client.py", line 1851, in _select_server
    server = topology.select_server(
  File "C:\Users\SOHAM\AppData\Local\Programs\Python\Python310\lib\site-packages\pymongo\synchronous\topology.py", line 428, in select_server
    server = self._select_server(
  File "C:\Users\SOHAM\AppData\Local\Programs\Python\Python310\lib\site-packages\pymongo\synchronous\topology.py", line 402, in _select_server
    servers = self.select_servers(
  File "C:\Users\SOHAM\AppData\Local\Programs\Python\Python310\lib\site-packages\pymongo\synchronous\topology.py", line 298, in select_servers
    server_descriptions = self._select_servers_loop(
  File "C:\Users\SOHAM\AppData\Local\Programs\Python\Python310\lib\site-packages\pymongo\synchronous\topology.py", line 376, in _select_servers_loop
    self._ensure_opened()
  File "C:\Users\SOHAM\AppData\Local\Programs\Python\Python310\lib\site-packages\pymongo\synchronous\topology.py", line 812, in _ensure_opened
    raise InvalidOperation("Cannot use MongoClient after close")
pymongo.errors.InvalidOperation: Cannot use MongoClient after close

The above exception was the direct cause of the following exception:

Traceback (most recent call last):
  File "C:\Users\SOHAM\AppData\Local\Programs\Python\Python310\lib\site-packages\djongo\cursor.py", line 65, in fetchmany
    ret.append(self.result.next())
  File "C:\Users\SOHAM\AppData\Local\Programs\Python\Python310\lib\site-packages\djongo\sql2mongo\query.py", line 797, in __next__
    result = next(self._result_generator)
  File "C:\Users\SOHAM\AppData\Local\Programs\Python\Python310\lib\site-packages\djongo\sql2mongo\query.py", line 830, in __iter__
    raise exe from e
djongo.exceptions.SQLDecodeError: 

	Keyword: FAILED SQL: SELECT "django_session"."session_key", "django_session"."session_data", "django_session"."expire_date" FROM "django_session" WHERE ("django_session"."expire_date" > %(0)s AND "django_session"."session_key" = %(1)s) LIMIT 21
Params: (datetime.datetime(2026, 8, 3, 19, 7, 42, 968917), 'ewrxc5ry93cvf42mkrk986by4cf9l12z')
Version: 1.3.6
	Sub SQL: None
	FAILED SQL: None
	Params: None
	Version: None

The above exception was the direct cause of the following exception:

Traceback (most recent call last):
  File "C:\Users\SOHAM\AppData\Local\Programs\Python\Python310\lib\site-packages\django\db\utils.py", line 97, in inner
    return func(*args, **kwargs)
  File "C:\Users\SOHAM\AppData\Local\Programs\Python\Python310\lib\site-packages\djongo\cursor.py", line 75, in fetchmany
    raise db_exe from e
djongo.database.DatabaseError: 

	Keyword: FAILED SQL: SELECT "django_session"."session_key", "django_session"."session_data", "django_session"."expire_date" FROM "django_session" WHERE ("django_session"."expire_date" > %(0)s AND "django_session"."session_key" = %(1)s) LIMIT 21
Params: (datetime.datetime(2026, 8, 3, 19, 7, 42, 968917), 'ewrxc5ry93cvf42mkrk986by4cf9l12z')
Version: 1.3.6
	Sub SQL: None
	FAILED SQL: None
	Params: None
	Version: None
TRACE:
Traceback (most recent call last):
  File "C:\Users\SOHAM\AppData\Local\Programs\Python\Python310\lib\site-packages\django\contrib\sessions\backends\base.py", line 233, in _get_session
    return self._session_cache
AttributeError: 'SessionStore' object has no attribute '_session_cache'

During handling of the above exception, another exception occurred:

Traceback (most recent call last):
  File "C:\Users\SOHAM\AppData\Local\Programs\Python\Python310\lib\site-packages\djongo\sql2mongo\query.py", line 808, in __iter__
    yield from iter(self._query)
  File "C:\Users\SOHAM\AppData\Local\Programs\Python\Python310\lib\site-packages\djongo\sql2mongo\query.py", line 166, in __iter__
    for doc in cursor:
  File "C:\Users\SOHAM\AppData\Local\Programs\Python\Python310\lib\site-packages\pymongo\synchronous\cursor.py", line 1166, in __next__
    return self.next()
  File "C:\Users\SOHAM\AppData\Local\Programs\Python\Python310\lib\site-packages\pymongo\synchronous\cursor.py", line 1142, in next
    if len(self._data) or self._refresh():
  File "C:\Users\SOHAM\AppData\Local\Programs\Python\Python310\lib\site-packages\pymongo\synchronous\cursor.py", line 1090, in _refresh
    self._send_message(q)
  File "C:\Users\SOHAM\AppData\Local\Programs\Python\Python310\lib\site-packages\pymongo\synchronous\cursor.py", line 985, in _send_message
    response = client._run_operation(
  File "C:\Users\SOHAM\AppData\Local\Programs\Python\Python310\lib\site-packages\pymongo\_csot.py", line 125, in csot_wrapper
    return func(self, *args, **kwargs)
  File "C:\Users\SOHAM\AppData\Local\Programs\Python\Python310\lib\site-packages\pymongo\synchronous\mongo_client.py", line 1956, in _run_operation
    return self._retryable_read(
  File "C:\Users\SOHAM\AppData\Local\Programs\Python\Python310\lib\site-packages\pymongo\synchronous\mongo_client.py", line 2076, in _retryable_read
    return self._retry_internal(
  File "C:\Users\SOHAM\AppData\Local\Programs\Python\Python310\lib\site-packages\pymongo\_csot.py", line 125, in csot_wrapper
    return func(self, *args, **kwargs)
  File "C:\Users\SOHAM\AppData\Local\Programs\Python\Python310\lib\site-packages\pymongo\synchronous\mongo_client.py", line 2038, in _retry_internal
    ).run()
  File "C:\Users\SOHAM\AppData\Local\Programs\Python\Python310\lib\site-packages\pymongo\synchronous\mongo_client.py", line 2811, in run
    res = self._read() if self._is_read else self._write()
  File "C:\Users\SOHAM\AppData\Local\Programs\Python\Python310\lib\site-packages\pymongo\synchronous\mongo_client.py", line 3027, in _read
    self._server = self._get_server()
  File "C:\Users\SOHAM\AppData\Local\Programs\Python\Python310\lib\site-packages\pymongo\synchronous\mongo_client.py", line 2975, in _get_server
    return self._client._select_server(
  File "C:\Users\SOHAM\AppData\Local\Programs\Python\Python310\lib\site-packages\pymongo\synchronous\mongo_client.py", line 1851, in _select_server
    server = topology.select_server(
  File "C:\Users\SOHAM\AppData\Local\Programs\Python\Python310\lib\site-packages\pymongo\synchronous\topology.py", line 428, in select_server
    server = self._select_server(
  File "C:\Users\SOHAM\AppData\Local\Programs\Python\Python310\lib\site-packages\pymongo\synchronous\topology.py", line 402, in _select_server
    servers = self.select_servers(
  File "C:\Users\SOHAM\AppData\Local\Programs\Python\Python310\lib\site-packages\pymongo\synchronous\topology.py", line 298, in select_servers
    server_descriptions = self._select_servers_loop(
  File "C:\Users\SOHAM\AppData\Local\Programs\Python\Python310\lib\site-packages\pymongo\synchronous\topology.py", line 376, in _select_servers_loop
    self._ensure_opened()
  File "C:\Users\SOHAM\AppData\Local\Programs\Python\Python310\lib\site-packages\pymongo\synchronous\topology.py", line 812, in _ensure_opened
    raise InvalidOperation("Cannot use MongoClient after close")
pymongo.errors.InvalidOperation: Cannot use MongoClient after close

The above exception was the direct cause of the following exception:

Traceback (most recent call last):
  File "C:\Users\SOHAM\AppData\Local\Programs\Python\Python310\lib\site-packages\djongo\cursor.py", line 65, in fetchmany
    ret.append(self.result.next())
  File "C:\Users\SOHAM\AppData\Local\Programs\Python\Python310\lib\site-packages\djongo\sql2mongo\query.py", line 797, in __next__
    result = next(self._result_generator)
  File "C:\Users\SOHAM\AppData\Local\Programs\Python\Python310\lib\site-packages\djongo\sql2mongo\query.py", line 830, in __iter__
    raise exe from e
djongo.exceptions.SQLDecodeError: 

	Keyword: FAILED SQL: SELECT "django_session"."session_key", "django_session"."session_data", "django_session"."expire_date" FROM "django_session" WHERE ("django_session"."expire_date" > %(0)s AND "django_session"."session_key" = %(1)s) LIMIT 21
Params: (datetime.datetime(2026, 8, 3, 19, 7, 42, 968917), 'ewrxc5ry93cvf42mkrk986by4cf9l12z')
Version: 1.3.6
	Sub SQL: None
	FAILED SQL: None
	Params: None
	Version: None


The above exception was the direct cause of the following exception:

Traceback (most recent call last):
  File "C:\Users\SOHAM\AppData\Local\Programs\Python\Python310\lib\site-packages\django\core\handlers\exception.py", line 47, in inner
    response = get_response(request)
  File "C:\Users\SOHAM\AppData\Local\Programs\Python\Python310\lib\site-packages\django\core\handlers\base.py", line 181, in _get_response
    response = wrapped_callback(request, *callback_args, **callback_kwargs)
  File "C:\Users\SOHAM\AppData\Local\Programs\Python\Python310\lib\site-packages\django\contrib\admin\sites.py", line 250, in wrapper
    return self.admin_view(view, cacheable)(*args, **kwargs)
  File "C:\Users\SOHAM\AppData\Local\Programs\Python\Python310\lib\site-packages\django\utils\decorators.py", line 130, in _wrapped_view
    response = view_func(request, *args, **kwargs)
  File "C:\Users\SOHAM\AppData\Local\Programs\Python\Python310\lib\site-packages\django\views\decorators\cache.py", line 44, in _wrapped_view_func
    response = view_func(request, *args, **kwargs)
  File "C:\Users\SOHAM\AppData\Local\Programs\Python\Python310\lib\site-packages\django\contrib\admin\sites.py", line 221, in inner
    if not self.has_permission(request):
  File "C:\Users\SOHAM\AppData\Local\Programs\Python\Python310\lib\site-packages\django\contrib\admin\sites.py", line 195, in has_permission
    return request.user.is_active and request.user.is_staff
  File "C:\Users\SOHAM\AppData\Local\Programs\Python\Python310\lib\site-packages\django\utils\functional.py", line 246, in inner
    self._setup()
  File "C:\Users\SOHAM\AppData\Local\Programs\Python\Python310\lib\site-packages\django\utils\functional.py", line 382, in _setup
    self._wrapped = self._setupfunc()
  File "C:\Users\SOHAM\AppData\Local\Programs\Python\Python310\lib\site-packages\django\contrib\auth\middleware.py", line 23, in <lambda>
    request.user = SimpleLazyObject(lambda: get_user(request))
  File "C:\Users\SOHAM\AppData\Local\Programs\Python\Python310\lib\site-packages\django\contrib\auth\middleware.py", line 11, in get_user
    request._cached_user = auth.get_user(request)
  File "C:\Users\SOHAM\AppData\Local\Programs\Python\Python310\lib\site-packages\django\contrib\auth\__init__.py", line 177, in get_user
    user_id = _get_user_session_key(request)
  File "C:\Users\SOHAM\AppData\Local\Programs\Python\Python310\lib\site-packages\django\contrib\auth\__init__.py", line 60, in _get_user_session_key
    return get_user_model()._meta.pk.to_python(request.session[SESSION_KEY])
  File "C:\Users\SOHAM\AppData\Local\Programs\Python\Python310\lib\site-packages\django\contrib\sessions\backends\base.py", line 65, in __getitem__
    return self._session[key]
  File "C:\Users\SOHAM\AppData\Local\Programs\Python\Python310\lib\site-packages\django\contrib\sessions\backends\base.py", line 238, in _get_session
    self._session_cache = self.load()
  File "C:\Users\SOHAM\AppData\Local\Programs\Python\Python310\lib\site-packages\django\contrib\sessions\backends\db.py", line 43, in load
    s = self._get_session_from_db()
  File "C:\Users\SOHAM\AppData\Local\Programs\Python\Python310\lib\site-packages\django\contrib\sessions\backends\db.py", line 32, in _get_session_from_db
    return self.model.objects.get(
  File "C:\Users\SOHAM\AppData\Local\Programs\Python\Python310\lib\site-packages\django\db\models\manager.py", line 85, in manager_method
    return getattr(self.get_queryset(), name)(*args, **kwargs)
  File "C:\Users\SOHAM\AppData\Local\Programs\Python\Python310\lib\site-packages\django\db\models\query.py", line 431, in get
    num = len(clone)
  File "C:\Users\SOHAM\AppData\Local\Programs\Python\Python310\lib\site-packages\django\db\models\query.py", line 262, in __len__
    self._fetch_all()
  File "C:\Users\SOHAM\AppData\Local\Programs\Python\Python310\lib\site-packages\django\db\models\query.py", line 1324, in _fetch_all
    self._result_cache = list(self._iterable_class(self))
  File "C:\Users\SOHAM\AppData\Local\Programs\Python\Python310\lib\site-packages\django\db\models\query.py", line 51, in __iter__
    results = compiler.execute_sql(chunked_fetch=self.chunked_fetch, chunk_size=self.chunk_size)
  File "C:\Users\SOHAM\AppData\Local\Programs\Python\Python310\lib\site-packages\django\db\models\sql\compiler.py", line 1208, in execute_sql
    return list(result)
  File "C:\Users\SOHAM\AppData\Local\Programs\Python\Python310\lib\site-packages\django\db\models\sql\compiler.py", line 1646, in cursor_iter
    for rows in iter((lambda: cursor.fetchmany(itersize)), sentinel):
  File "C:\Users\SOHAM\AppData\Local\Programs\Python\Python310\lib\site-packages\django\db\models\sql\compiler.py", line 1646, in <lambda>
    for rows in iter((lambda: cursor.fetchmany(itersize)), sentinel):
  File "C:\Users\SOHAM\AppData\Local\Programs\Python\Python310\lib\site-packages\django\db\utils.py", line 96, in inner
    with self:
  File "C:\Users\SOHAM\AppData\Local\Programs\Python\Python310\lib\site-packages\django\db\utils.py", line 90, in __exit__
    raise dj_exc_value.with_traceback(traceback) from exc_value
  File "C:\Users\SOHAM\AppData\Local\Programs\Python\Python310\lib\site-packages\django\db\utils.py", line 97, in inner
    return func(*args, **kwargs)
  File "C:\Users\SOHAM\AppData\Local\Programs\Python\Python310\lib\site-packages\djongo\cursor.py", line 75, in fetchmany
    raise db_exe from e
django.db.utils.DatabaseError: 

	Keyword: FAILED SQL: SELECT "django_session"."session_key", "django_session"."session_data", "django_session"."expire_date" FROM "django_session" WHERE ("django_session"."expire_date" > %(0)s AND "django_session"."session_key" = %(1)s) LIMIT 21
Params: (datetime.datetime(2026, 8, 3, 19, 7, 42, 968917), 'ewrxc5ry93cvf42mkrk986by4cf9l12z')
Version: 1.3.6
	Sub SQL: None
	FAILED SQL: None
	Params: None
	Version: None
TRACE:
Traceback (most recent call last):
  File "C:\Users\SOHAM\AppData\Local\Programs\Python\Python310\lib\site-packages\django\contrib\sessions\backends\base.py", line 233, in _get_session
    return self._session_cache
AttributeError: 'SessionStore' object has no attribute '_session_cache'

During handling of the above exception, another exception occurred:

Traceback (most recent call last):
  File "C:\Users\SOHAM\AppData\Local\Programs\Python\Python310\lib\site-packages\djongo\sql2mongo\query.py", line 808, in __iter__
    yield from iter(self._query)
  File "C:\Users\SOHAM\AppData\Local\Programs\Python\Python310\lib\site-packages\djongo\sql2mongo\query.py", line 166, in __iter__
    for doc in cursor:
  File "C:\Users\SOHAM\AppData\Local\Programs\Python\Python310\lib\site-packages\pymongo\synchronous\cursor.py", line 1166, in __next__
    return self.next()
  File "C:\Users\SOHAM\AppData\Local\Programs\Python\Python310\lib\site-packages\pymongo\synchronous\cursor.py", line 1142, in next
    if len(self._data) or self._refresh():
  File "C:\Users\SOHAM\AppData\Local\Programs\Python\Python310\lib\site-packages\pymongo\synchronous\cursor.py", line 1090, in _refresh
    self._send_message(q)
  File "C:\Users\SOHAM\AppData\Local\Programs\Python\Python310\lib\site-packages\pymongo\synchronous\cursor.py", line 985, in _send_message
    response = client._run_operation(
  File "C:\Users\SOHAM\AppData\Local\Programs\Python\Python310\lib\site-packages\pymongo\_csot.py", line 125, in csot_wrapper
    return func(self, *args, **kwargs)
  File "C:\Users\SOHAM\AppData\Local\Programs\Python\Python310\lib\site-packages\pymongo\synchronous\mongo_client.py", line 1956, in _run_operation
    return self._retryable_read(
  File "C:\Users\SOHAM\AppData\Local\Programs\Python\Python310\lib\site-packages\pymongo\synchronous\mongo_client.py", line 2076, in _retryable_read
    return self._retry_internal(
  File "C:\Users\SOHAM\AppData\Local\Programs\Python\Python310\lib\site-packages\pymongo\_csot.py", line 125, in csot_wrapper
    return func(self, *args, **kwargs)
  File "C:\Users\SOHAM\AppData\Local\Programs\Python\Python310\lib\site-packages\pymongo\synchronous\mongo_client.py", line 2038, in _retry_internal
    ).run()
  File "C:\Users\SOHAM\AppData\Local\Programs\Python\Python310\lib\site-packages\pymongo\synchronous\mongo_client.py", line 2811, in run
    res = self._read() if self._is_read else self._write()
  File "C:\Users\SOHAM\AppData\Local\Programs\Python\Python310\lib\site-packages\pymongo\synchronous\mongo_client.py", line 3027, in _read
    self._server = self._get_server()
  File "C:\Users\SOHAM\AppData\Local\Programs\Python\Python310\lib\site-packages\pymongo\synchronous\mongo_client.py", line 2975, in _get_server
    return self._client._select_server(
  File "C:\Users\SOHAM\AppData\Local\Programs\Python\Python310\lib\site-packages\pymongo\synchronous\mongo_client.py", line 1851, in _select_server
    server = topology.select_server(
  File "C:\Users\SOHAM\AppData\Local\Programs\Python\Python310\lib\site-packages\pymongo\synchronous\topology.py", line 428, in select_server
    server = self._select_server(
  File "C:\Users\SOHAM\AppData\Local\Programs\Python\Python310\lib\site-packages\pymongo\synchronous\topology.py", line 402, in _select_server
    servers = self.select_servers(
  File "C:\Users\SOHAM\AppData\Local\Programs\Python\Python310\lib\site-packages\pymongo\synchronous\topology.py", line 298, in select_servers
    server_descriptions = self._select_servers_loop(
  File "C:\Users\SOHAM\AppData\Local\Programs\Python\Python310\lib\site-packages\pymongo\synchronous\topology.py", line 376, in _select_servers_loop
    self._ensure_opened()
  File "C:\Users\SOHAM\AppData\Local\Programs\Python\Python310\lib\site-packages\pymongo\synchronous\topology.py", line 812, in _ensure_opened
    raise InvalidOperation("Cannot use MongoClient after close")
pymongo.errors.InvalidOperation: Cannot use MongoClient after close

The above exception was the direct cause of the following exception:

Traceback (most recent call last):
  File "C:\Users\SOHAM\AppData\Local\Programs\Python\Python310\lib\site-packages\djongo\cursor.py", line 65, in fetchmany
    ret.append(self.result.next())
  File "C:\Users\SOHAM\AppData\Local\Programs\Python\Python310\lib\site-packages\djongo\sql2mongo\query.py", line 797, in __next__
    result = next(self._result_generator)
  File "C:\Users\SOHAM\AppData\Local\Programs\Python\Python310\lib\site-packages\djongo\sql2mongo\query.py", line 830, in __iter__
    raise exe from e
djongo.exceptions.SQLDecodeError: 

	Keyword: FAILED SQL: SELECT "django_session"."session_key", "django_session"."session_data", "django_session"."expire_date" FROM "django_session" WHERE ("django_session"."expire_date" > %(0)s AND "django_session"."session_key" = %(1)s) LIMIT 21
Params: (datetime.datetime(2026, 8, 3, 19, 7, 42, 968917), 'ewrxc5ry93cvf42mkrk986by4cf9l12z')
Version: 1.3.6
	Sub SQL: None
	FAILED SQL: None
	Params: None
	Version: None


During handling of the above exception, another exception occurred:

Traceback (most recent call last):
  File "C:\Users\SOHAM\AppData\Local\Programs\Python\Python310\lib\site-packages\djongo\sql2mongo\query.py", line 808, in __iter__
    yield from iter(self._query)
  File "C:\Users\SOHAM\AppData\Local\Programs\Python\Python310\lib\site-packages\djongo\sql2mongo\query.py", line 166, in __iter__
    for doc in cursor:
  File "C:\Users\SOHAM\AppData\Local\Programs\Python\Python310\lib\site-packages\pymongo\synchronous\cursor.py", line 1166, in __next__
    return self.next()
  File "C:\Users\SOHAM\AppData\Local\Programs\Python\Python310\lib\site-packages\pymongo\synchronous\cursor.py", line 1142, in next
    if len(self._data) or self._refresh():
  File "C:\Users\SOHAM\AppData\Local\Programs\Python\Python310\lib\site-packages\pymongo\synchronous\cursor.py", line 1090, in _refresh
    self._send_message(q)
  File "C:\Users\SOHAM\AppData\Local\Programs\Python\Python310\lib\site-packages\pymongo\synchronous\cursor.py", line 985, in _send_message
    response = client._run_operation(
  File "C:\Users\SOHAM\AppData\Local\Programs\Python\Python310\lib\site-packages\pymongo\_csot.py", line 125, in csot_wrapper
    return func(self, *args, **kwargs)
  File "C:\Users\SOHAM\AppData\Local\Programs\Python\Python310\lib\site-packages\pymongo\synchronous\mongo_client.py", line 1956, in _run_operation
    return self._retryable_read(
  File "C:\Users\SOHAM\AppData\Local\Programs\Python\Python310\lib\site-packages\pymongo\synchronous\mongo_client.py", line 2076, in _retryable_read
    return self._retry_internal(
  File "C:\Users\SOHAM\AppData\Local\Programs\Python\Python310\lib\site-packages\pymongo\_csot.py", line 125, in csot_wrapper
    return func(self, *args, **kwargs)
  File "C:\Users\SOHAM\AppData\Local\Programs\Python\Python310\lib\site-packages\pymongo\synchronous\mongo_client.py", line 2038, in _retry_internal
    ).run()
  File "C:\Users\SOHAM\AppData\Local\Programs\Python\Python310\lib\site-packages\pymongo\synchronous\mongo_client.py", line 2811, in run
    res = self._read() if self._is_read else self._write()
  File "C:\Users\SOHAM\AppData\Local\Programs\Python\Python310\lib\site-packages\pymongo\synchronous\mongo_client.py", line 3027, in _read
    self._server = self._get_server()
  File "C:\Users\SOHAM\AppData\Local\Programs\Python\Python310\lib\site-packages\pymongo\synchronous\mongo_client.py", line 2975, in _get_server
    return self._client._select_server(
  File "C:\Users\SOHAM\AppData\Local\Programs\Python\Python310\lib\site-packages\pymongo\synchronous\mongo_client.py", line 1851, in _select_server
    server = topology.select_server(
  File "C:\Users\SOHAM\AppData\Local\Programs\Python\Python310\lib\site-packages\pymongo\synchronous\topology.py", line 428, in select_server
    server = self._select_server(
  File "C:\Users\SOHAM\AppData\Local\Programs\Python\Python310\lib\site-packages\pymongo\synchronous\topology.py", line 402, in _select_server
    servers = self.select_servers(
  File "C:\Users\SOHAM\AppData\Local\Programs\Python\Python310\lib\site-packages\pymongo\synchronous\topology.py", line 298, in select_servers
    server_descriptions = self._select_servers_loop(
  File "C:\Users\SOHAM\AppData\Local\Programs\Python\Python310\lib\site-packages\pymongo\synchronous\topology.py", line 376, in _select_servers_loop
    self._ensure_opened()
  File "C:\Users\SOHAM\AppData\Local\Programs\Python\Python310\lib\site-packages\pymongo\synchronous\topology.py", line 812, in _ensure_opened
    raise InvalidOperation("Cannot use MongoClient after close")
pymongo.errors.InvalidOperation: Cannot use MongoClient after close

The above exception was the direct cause of the following exception:

Traceback (most recent call last):
  File "C:\Users\SOHAM\AppData\Local\Programs\Python\Python310\lib\site-packages\djongo\cursor.py", line 65, in fetchmany
    ret.append(self.result.next())
  File "C:\Users\SOHAM\AppData\Local\Programs\Python\Python310\lib\site-packages\djongo\sql2mongo\query.py", line 797, in __next__
    result = next(self._result_generator)
  File "C:\Users\SOHAM\AppData\Local\Programs\Python\Python310\lib\site-packages\djongo\sql2mongo\query.py", line 830, in __iter__
    raise exe from e
djongo.exceptions.SQLDecodeError: 

	Keyword: FAILED SQL: SELECT "django_session"."session_key", "django_session"."session_data", "django_session"."expire_date" FROM "django_session" LIMIT 21
Params: ()
Version: 1.3.6
	Sub SQL: None
	FAILED SQL: None
	Params: None
	Version: None

-----------------
Traceback (most recent call last):
  File "C:\Users\SOHAM\AppData\Local\Programs\Python\Python310\lib\site-packages\django\contrib\sessions\backends\base.py", line 233, in _get_session
    return self._session_cache
AttributeError: 'SessionStore' object has no attribute '_session_cache'

During handling of the above exception, another exception occurred:

Traceback (most recent call last):
  File "C:\Users\SOHAM\AppData\Local\Programs\Python\Python310\lib\site-packages\djongo\sql2mongo\query.py", line 808, in __iter__
    yield from iter(self._query)
  File "C:\Users\SOHAM\AppData\Local\Programs\Python\Python310\lib\site-packages\djongo\sql2mongo\query.py", line 166, in __iter__
    for doc in cursor:
  File "C:\Users\SOHAM\AppData\Local\Programs\Python\Python310\lib\site-packages\pymongo\synchronous\cursor.py", line 1166, in __next__
    return self.next()
  File "C:\Users\SOHAM\AppData\Local\Programs\Python\Python310\lib\site-packages\pymongo\synchronous\cursor.py", line 1142, in next
    if len(self._data) or self._refresh():
  File "C:\Users\SOHAM\AppData\Local\Programs\Python\Python310\lib\site-packages\pymongo\synchronous\cursor.py", line 1090, in _refresh
    self._send_message(q)
  File "C:\Users\SOHAM\AppData\Local\Programs\Python\Python310\lib\site-packages\pymongo\synchronous\cursor.py", line 985, in _send_message
    response = client._run_operation(
  File "C:\Users\SOHAM\AppData\Local\Programs\Python\Python310\lib\site-packages\pymongo\_csot.py", line 125, in csot_wrapper
    return func(self, *args, **kwargs)
  File "C:\Users\SOHAM\AppData\Local\Programs\Python\Python310\lib\site-packages\pymongo\synchronous\mongo_client.py", line 1956, in _run_operation
    return self._retryable_read(
  File "C:\Users\SOHAM\AppData\Local\Programs\Python\Python310\lib\site-packages\pymongo\synchronous\mongo_client.py", line 2076, in _retryable_read
    return self._retry_internal(
  File "C:\Users\SOHAM\AppData\Local\Programs\Python\Python310\lib\site-packages\pymongo\_csot.py", line 125, in csot_wrapper
    return func(self, *args, **kwargs)
  File "C:\Users\SOHAM\AppData\Local\Programs\Python\Python310\lib\site-packages\pymongo\synchronous\mongo_client.py", line 2038, in _retry_internal
    ).run()
  File "C:\Users\SOHAM\AppData\Local\Programs\Python\Python310\lib\site-packages\pymongo\synchronous\mongo_client.py", line 2811, in run
    res = self._read() if self._is_read else self._write()
  File "C:\Users\SOHAM\AppData\Local\Programs\Python\Python310\lib\site-packages\pymongo\synchronous\mongo_client.py", line 3027, in _read
    self._server = self._get_server()
  File "C:\Users\SOHAM\AppData\Local\Programs\Python\Python310\lib\site-packages\pymongo\synchronous\mongo_client.py", line 2975, in _get_server
    return self._client._select_server(
  File "C:\Users\SOHAM\AppData\Local\Programs\Python\Python310\lib\site-packages\pymongo\synchronous\mongo_client.py", line 1851, in _select_server
    server = topology.select_server(
  File "C:\Users\SOHAM\AppData\Local\Programs\Python\Python310\lib\site-packages\pymongo\synchronous\topology.py", line 428, in select_server
    server = self._select_server(
  File "C:\Users\SOHAM\AppData\Local\Programs\Python\Python310\lib\site-packages\pymongo\synchronous\topology.py", line 402, in _select_server
    servers = self.select_servers(
  File "C:\Users\SOHAM\AppData\Local\Programs\Python\Python310\lib\site-packages\pymongo\synchronous\topology.py", line 298, in select_servers
    server_descriptions = self._select_servers_loop(
  File "C:\Users\SOHAM\AppData\Local\Programs\Python\Python310\lib\site-packages\pymongo\synchronous\topology.py", line 376, in _select_servers_loop
    self._ensure_opened()
  File "C:\Users\SOHAM\AppData\Local\Programs\Python\Python310\lib\site-packages\pymongo\synchronous\topology.py", line 812, in _ensure_opened
    raise InvalidOperation("Cannot use MongoClient after close")
pymongo.errors.InvalidOperation: Cannot use MongoClient after close

The above exception was the direct cause of the following exception:

Traceback (most recent call last):
  File "C:\Users\SOHAM\AppData\Local\Programs\Python\Python310\lib\site-packages\djongo\cursor.py", line 65, in fetchmany
    ret.append(self.result.next())
  File "C:\Users\SOHAM\AppData\Local\Programs\Python\Python310\lib\site-packages\djongo\sql2mongo\query.py", line 797, in __next__
    result = next(self._result_generator)
  File "C:\Users\SOHAM\AppData\Local\Programs\Python\Python310\lib\site-packages\djongo\sql2mongo\query.py", line 830, in __iter__
    raise exe from e
djongo.exceptions.SQLDecodeError: 

	Keyword: FAILED SQL: SELECT "django_session"."session_key", "django_session"."session_data", "django_session"."expire_date" FROM "django_session" WHERE ("django_session"."expire_date" > %(0)s AND "django_session"."session_key" = %(1)s) LIMIT 21
Params: (datetime.datetime(2026, 8, 3, 19, 7, 42, 968917), 'ewrxc5ry93cvf42mkrk986by4cf9l12z')
Version: 1.3.6
	Sub SQL: None
	FAILED SQL: None
	Params: None
	Version: None

The above exception was the direct cause of the following exception:

Traceback (most recent call last):
  File "C:\Users\SOHAM\AppData\Local\Programs\Python\Python310\lib\site-packages\django\db\utils.py", line 97, in inner
    return func(*args, **kwargs)
  File "C:\Users\SOHAM\AppData\Local\Programs\Python\Python310\lib\site-packages\djongo\cursor.py", line 75, in fetchmany
    raise db_exe from e
djongo.database.DatabaseError: 

	Keyword: FAILED SQL: SELECT "django_session"."session_key", "django_session"."session_data", "django_session"."expire_date" FROM "django_session" WHERE ("django_session"."expire_date" > %(0)s AND "django_session"."session_key" = %(1)s) LIMIT 21
Params: (datetime.datetime(2026, 8, 3, 19, 7, 42, 968917), 'ewrxc5ry93cvf42mkrk986by4cf9l12z')
Version: 1.3.6
	Sub SQL: None
	FAILED SQL: None
	Params: None
	Version: None
TRACE:
Traceback (most recent call last):
  File "C:\Users\SOHAM\AppData\Local\Programs\Python\Python310\lib\site-packages\django\contrib\sessions\backends\base.py", line 233, in _get_session
    return self._session_cache
AttributeError: 'SessionStore' object has no attribute '_session_cache'

During handling of the above exception, another exception occurred:

Traceback (most recent call last):
  File "C:\Users\SOHAM\AppData\Local\Programs\Python\Python310\lib\site-packages\djongo\sql2mongo\query.py", line 808, in __iter__
    yield from iter(self._query)
  File "C:\Users\SOHAM\AppData\Local\Programs\Python\Python310\lib\site-packages\djongo\sql2mongo\query.py", line 166, in __iter__
    for doc in cursor:
  File "C:\Users\SOHAM\AppData\Local\Programs\Python\Python310\lib\site-packages\pymongo\synchronous\cursor.py", line 1166, in __next__
    return self.next()
  File "C:\Users\SOHAM\AppData\Local\Programs\Python\Python310\lib\site-packages\pymongo\synchronous\cursor.py", line 1142, in next
    if len(self._data) or self._refresh():
  File "C:\Users\SOHAM\AppData\Local\Programs\Python\Python310\lib\site-packages\pymongo\synchronous\cursor.py", line 1090, in _refresh
    self._send_message(q)
  File "C:\Users\SOHAM\AppData\Local\Programs\Python\Python310\lib\site-packages\pymongo\synchronous\cursor.py", line 985, in _send_message
    response = client._run_operation(
  File "C:\Users\SOHAM\AppData\Local\Programs\Python\Python310\lib\site-packages\pymongo\_csot.py", line 125, in csot_wrapper
    return func(self, *args, **kwargs)
  File "C:\Users\SOHAM\AppData\Local\Programs\Python\Python310\lib\site-packages\pymongo\synchronous\mongo_client.py", line 1956, in _run_operation
    return self._retryable_read(
  File "C:\Users\SOHAM\AppData\Local\Programs\Python\Python310\lib\site-packages\pymongo\synchronous\mongo_client.py", line 2076, in _retryable_read
    return self._retry_internal(
  File "C:\Users\SOHAM\AppData\Local\Programs\Python\Python310\lib\site-packages\pymongo\_csot.py", line 125, in csot_wrapper
    return func(self, *args, **kwargs)
  File "C:\Users\SOHAM\AppData\Local\Programs\Python\Python310\lib\site-packages\pymongo\synchronous\mongo_client.py", line 2038, in _retry_internal
    ).run()
  File "C:\Users\SOHAM\AppData\Local\Programs\Python\Python310\lib\site-packages\pymongo\synchronous\mongo_client.py", line 2811, in run
    res = self._read() if self._is_read else self._write()
  File "C:\Users\SOHAM\AppData\Local\Programs\Python\Python310\lib\site-packages\pymongo\synchronous\mongo_client.py", line 3027, in _read
    self._server = self._get_server()
  File "C:\Users\SOHAM\AppData\Local\Programs\Python\Python310\lib\site-packages\pymongo\synchronous\mongo_client.py", line 2975, in _get_server
    return self._client._select_server(
  File "C:\Users\SOHAM\AppData\Local\Programs\Python\Python310\lib\site-packages\pymongo\synchronous\mongo_client.py", line 1851, in _select_server
    server = topology.select_server(
  File "C:\Users\SOHAM\AppData\Local\Programs\Python\Python310\lib\site-packages\pymongo\synchronous\topology.py", line 428, in select_server
    server = self._select_server(
  File "C:\Users\SOHAM\AppData\Local\Programs\Python\Python310\lib\site-packages\pymongo\synchronous\topology.py", line 402, in _select_server
    servers = self.select_servers(
  File "C:\Users\SOHAM\AppData\Local\Programs\Python\Python310\lib\site-packages\pymongo\synchronous\topology.py", line 298, in select_servers
    server_descriptions = self._select_servers_loop(
  File "C:\Users\SOHAM\AppData\Local\Programs\Python\Python310\lib\site-packages\pymongo\synchronous\topology.py", line 376, in _select_servers_loop
    self._ensure_opened()
  File "C:\Users\SOHAM\AppData\Local\Programs\Python\Python310\lib\site-packages\pymongo\synchronous\topology.py", line 812, in _ensure_opened
    raise InvalidOperation("Cannot use MongoClient after close")
pymongo.errors.InvalidOperation: Cannot use MongoClient after close

The above exception was the direct cause of the following exception:

Traceback (most recent call last):
  File "C:\Users\SOHAM\AppData\Local\Programs\Python\Python310\lib\site-packages\djongo\cursor.py", line 65, in fetchmany
    ret.append(self.result.next())
  File "C:\Users\SOHAM\AppData\Local\Programs\Python\Python310\lib\site-packages\djongo\sql2mongo\query.py", line 797, in __next__
    result = next(self._result_generator)
  File "C:\Users\SOHAM\AppData\Local\Programs\Python\Python310\lib\site-packages\djongo\sql2mongo\query.py", line 830, in __iter__
    raise exe from e
djongo.exceptions.SQLDecodeError: 

	Keyword: FAILED SQL: SELECT "django_session"."session_key", "django_session"."session_data", "django_session"."expire_date" FROM "django_session" WHERE ("django_session"."expire_date" > %(0)s AND "django_session"."session_key" = %(1)s) LIMIT 21
Params: (datetime.datetime(2026, 8, 3, 19, 7, 42, 968917), 'ewrxc5ry93cvf42mkrk986by4cf9l12z')
Version: 1.3.6
	Sub SQL: None
	FAILED SQL: None
	Params: None
	Version: None


The above exception was the direct cause of the following exception:

Traceback (most recent call last):
  File "C:\Users\SOHAM\AppData\Local\Programs\Python\Python310\lib\site-packages\django\core\handlers\exception.py", line 47, in inner
    response = get_response(request)
  File "C:\Users\SOHAM\AppData\Local\Programs\Python\Python310\lib\site-packages\django\core\handlers\base.py", line 181, in _get_response
    response = wrapped_callback(request, *callback_args, **callback_kwargs)
  File "C:\Users\SOHAM\AppData\Local\Programs\Python\Python310\lib\site-packages\django\contrib\admin\sites.py", line 250, in wrapper
    return self.admin_view(view, cacheable)(*args, **kwargs)
  File "C:\Users\SOHAM\AppData\Local\Programs\Python\Python310\lib\site-packages\django\utils\decorators.py", line 130, in _wrapped_view
    response = view_func(request, *args, **kwargs)
  File "C:\Users\SOHAM\AppData\Local\Programs\Python\Python310\lib\site-packages\django\views\decorators\cache.py", line 44, in _wrapped_view_func
    response = view_func(request, *args, **kwargs)
  File "C:\Users\SOHAM\AppData\Local\Programs\Python\Python310\lib\site-packages\django\contrib\admin\sites.py", line 221, in inner
    if not self.has_permission(request):
  File "C:\Users\SOHAM\AppData\Local\Programs\Python\Python310\lib\site-packages\django\contrib\admin\sites.py", line 195, in has_permission
    return request.user.is_active and request.user.is_staff
  File "C:\Users\SOHAM\AppData\Local\Programs\Python\Python310\lib\site-packages\django\utils\functional.py", line 246, in inner
    self._setup()
  File "C:\Users\SOHAM\AppData\Local\Programs\Python\Python310\lib\site-packages\django\utils\functional.py", line 382, in _setup
    self._wrapped = self._setupfunc()
  File "C:\Users\SOHAM\AppData\Local\Programs\Python\Python310\lib\site-packages\django\contrib\auth\middleware.py", line 23, in <lambda>
    request.user = SimpleLazyObject(lambda: get_user(request))
  File "C:\Users\SOHAM\AppData\Local\Programs\Python\Python310\lib\site-packages\django\contrib\auth\middleware.py", line 11, in get_user
    request._cached_user = auth.get_user(request)
  File "C:\Users\SOHAM\AppData\Local\Programs\Python\Python310\lib\site-packages\django\contrib\auth\__init__.py", line 177, in get_user
    user_id = _get_user_session_key(request)
  File "C:\Users\SOHAM\AppData\Local\Programs\Python\Python310\lib\site-packages\django\contrib\auth\__init__.py", line 60, in _get_user_session_key
    return get_user_model()._meta.pk.to_python(request.session[SESSION_KEY])
  File "C:\Users\SOHAM\AppData\Local\Programs\Python\Python310\lib\site-packages\django\contrib\sessions\backends\base.py", line 65, in __getitem__
    return self._session[key]
  File "C:\Users\SOHAM\AppData\Local\Programs\Python\Python310\lib\site-packages\django\contrib\sessions\backends\base.py", line 238, in _get_session
    self._session_cache = self.load()
  File "C:\Users\SOHAM\AppData\Local\Programs\Python\Python310\lib\site-packages\django\contrib\sessions\backends\db.py", line 43, in load
    s = self._get_session_from_db()
  File "C:\Users\SOHAM\AppData\Local\Programs\Python\Python310\lib\site-packages\django\contrib\sessions\backends\db.py", line 32, in _get_session_from_db
    return self.model.objects.get(
  File "C:\Users\SOHAM\AppData\Local\Programs\Python\Python310\lib\site-packages\django\db\models\manager.py", line 85, in manager_method
    return getattr(self.get_queryset(), name)(*args, **kwargs)
  File "C:\Users\SOHAM\AppData\Local\Programs\Python\Python310\lib\site-packages\django\db\models\query.py", line 431, in get
    num = len(clone)
  File "C:\Users\SOHAM\AppData\Local\Programs\Python\Python310\lib\site-packages\django\db\models\query.py", line 262, in __len__
    self._fetch_all()
  File "C:\Users\SOHAM\AppData\Local\Programs\Python\Python310\lib\site-packages\django\db\models\query.py", line 1324, in _fetch_all
    self._result_cache = list(self._iterable_class(self))
  File "C:\Users\SOHAM\AppData\Local\Programs\Python\Python310\lib\site-packages\django\db\models\query.py", line 51, in __iter__
    results = compiler.execute_sql(chunked_fetch=self.chunked_fetch, chunk_size=self.chunk_size)
  File "C:\Users\SOHAM\AppData\Local\Programs\Python\Python310\lib\site-packages\django\db\models\sql\compiler.py", line 1208, in execute_sql
    return list(result)
  File "C:\Users\SOHAM\AppData\Local\Programs\Python\Python310\lib\site-packages\django\db\models\sql\compiler.py", line 1646, in cursor_iter
    for rows in iter((lambda: cursor.fetchmany(itersize)), sentinel):
  File "C:\Users\SOHAM\AppData\Local\Programs\Python\Python310\lib\site-packages\django\db\models\sql\compiler.py", line 1646, in <lambda>
    for rows in iter((lambda: cursor.fetchmany(itersize)), sentinel):
  File "C:\Users\SOHAM\AppData\Local\Programs\Python\Python310\lib\site-packages\django\db\utils.py", line 96, in inner
    with self:
  File "C:\Users\SOHAM\AppData\Local\Programs\Python\Python310\lib\site-packages\django\db\utils.py", line 90, in __exit__
    raise dj_exc_value.with_traceback(traceback) from exc_value
  File "C:\Users\SOHAM\AppData\Local\Programs\Python\Python310\lib\site-packages\django\db\utils.py", line 97, in inner
    return func(*args, **kwargs)
  File "C:\Users\SOHAM\AppData\Local\Programs\Python\Python310\lib\site-packages\djongo\cursor.py", line 75, in fetchmany
    raise db_exe from e
django.db.utils.DatabaseError: 

	Keyword: FAILED SQL: SELECT "django_session"."session_key", "django_session"."session_data", "django_session"."expire_date" FROM "django_session" WHERE ("django_session"."expire_date" > %(0)s AND "django_session"."session_key" = %(1)s) LIMIT 21
Params: (datetime.datetime(2026, 8, 3, 19, 7, 42, 968917), 'ewrxc5ry93cvf42mkrk986by4cf9l12z')
Version: 1.3.6
	Sub SQL: None
	FAILED SQL: None
	Params: None
	Version: None
TRACE:
Traceback (most recent call last):
  File "C:\Users\SOHAM\AppData\Local\Programs\Python\Python310\lib\site-packages\django\contrib\sessions\backends\base.py", line 233, in _get_session
    return self._session_cache
AttributeError: 'SessionStore' object has no attribute '_session_cache'

During handling of the above exception, another exception occurred:

Traceback (most recent call last):
  File "C:\Users\SOHAM\AppData\Local\Programs\Python\Python310\lib\site-packages\djongo\sql2mongo\query.py", line 808, in __iter__
    yield from iter(self._query)
  File "C:\Users\SOHAM\AppData\Local\Programs\Python\Python310\lib\site-packages\djongo\sql2mongo\query.py", line 166, in __iter__
    for doc in cursor:
  File "C:\Users\SOHAM\AppData\Local\Programs\Python\Python310\lib\site-packages\pymongo\synchronous\cursor.py", line 1166, in __next__
    return self.next()
  File "C:\Users\SOHAM\AppData\Local\Programs\Python\Python310\lib\site-packages\pymongo\synchronous\cursor.py", line 1142, in next
    if len(self._data) or self._refresh():
  File "C:\Users\SOHAM\AppData\Local\Programs\Python\Python310\lib\site-packages\pymongo\synchronous\cursor.py", line 1090, in _refresh
    self._send_message(q)
  File "C:\Users\SOHAM\AppData\Local\Programs\Python\Python310\lib\site-packages\pymongo\synchronous\cursor.py", line 985, in _send_message
    response = client._run_operation(
  File "C:\Users\SOHAM\AppData\Local\Programs\Python\Python310\lib\site-packages\pymongo\_csot.py", line 125, in csot_wrapper
    return func(self, *args, **kwargs)
  File "C:\Users\SOHAM\AppData\Local\Programs\Python\Python310\lib\site-packages\pymongo\synchronous\mongo_client.py", line 1956, in _run_operation
    return self._retryable_read(
  File "C:\Users\SOHAM\AppData\Local\Programs\Python\Python310\lib\site-packages\pymongo\synchronous\mongo_client.py", line 2076, in _retryable_read
    return self._retry_internal(
  File "C:\Users\SOHAM\AppData\Local\Programs\Python\Python310\lib\site-packages\pymongo\_csot.py", line 125, in csot_wrapper
    return func(self, *args, **kwargs)
  File "C:\Users\SOHAM\AppData\Local\Programs\Python\Python310\lib\site-packages\pymongo\synchronous\mongo_client.py", line 2038, in _retry_internal
    ).run()
  File "C:\Users\SOHAM\AppData\Local\Programs\Python\Python310\lib\site-packages\pymongo\synchronous\mongo_client.py", line 2811, in run
    res = self._read() if self._is_read else self._write()
  File "C:\Users\SOHAM\AppData\Local\Programs\Python\Python310\lib\site-packages\pymongo\synchronous\mongo_client.py", line 3027, in _read
    self._server = self._get_server()
  File "C:\Users\SOHAM\AppData\Local\Programs\Python\Python310\lib\site-packages\pymongo\synchronous\mongo_client.py", line 2975, in _get_server
    return self._client._select_server(
  File "C:\Users\SOHAM\AppData\Local\Programs\Python\Python310\lib\site-packages\pymongo\synchronous\mongo_client.py", line 1851, in _select_server
    server = topology.select_server(
  File "C:\Users\SOHAM\AppData\Local\Programs\Python\Python310\lib\site-packages\pymongo\synchronous\topology.py", line 428, in select_server
    server = self._select_server(
  File "C:\Users\SOHAM\AppData\Local\Programs\Python\Python310\lib\site-packages\pymongo\synchronous\topology.py", line 402, in _select_server
    servers = self.select_servers(
  File "C:\Users\SOHAM\AppData\Local\Programs\Python\Python310\lib\site-packages\pymongo\synchronous\topology.py", line 298, in select_servers
    server_descriptions = self._select_servers_loop(
  File "C:\Users\SOHAM\AppData\Local\Programs\Python\Python310\lib\site-packages\pymongo\synchronous\topology.py", line 376, in _select_servers_loop
    self._ensure_opened()
  File "C:\Users\SOHAM\AppData\Local\Programs\Python\Python310\lib\site-packages\pymongo\synchronous\topology.py", line 812, in _ensure_opened
    raise InvalidOperation("Cannot use MongoClient after close")
pymongo.errors.InvalidOperation: Cannot use MongoClient after close

The above exception was the direct cause of the following exception:

Traceback (most recent call last):
  File "C:\Users\SOHAM\AppData\Local\Programs\Python\Python310\lib\site-packages\djongo\cursor.py", line 65, in fetchmany
    ret.append(self.result.next())
  File "C:\Users\SOHAM\AppData\Local\Programs\Python\Python310\lib\site-packages\djongo\sql2mongo\query.py", line 797, in __next__
    result = next(self._result_generator)
  File "C:\Users\SOHAM\AppData\Local\Programs\Python\Python310\lib\site-packages\djongo\sql2mongo\query.py", line 830, in __iter__
    raise exe from e
djongo.exceptions.SQLDecodeError: 

	Keyword: FAILED SQL: SELECT "django_session"."session_key", "django_session"."session_data", "django_session"."expire_date" FROM "django_session" WHERE ("django_session"."expire_date" > %(0)s AND "django_session"."session_key" = %(1)s) LIMIT 21
Params: (datetime.datetime(2026, 8, 3, 19, 7, 42, 968917), 'ewrxc5ry93cvf42mkrk986by4cf9l12z')
Version: 1.3.6
	Sub SQL: None
	FAILED SQL: None
	Params: None
	Version: None


During handling of the above exception, another exception occurred:

Traceback (most recent call last):
  File "C:\Users\SOHAM\AppData\Local\Programs\Python\Python310\lib\site-packages\djongo\sql2mongo\query.py", line 808, in __iter__
    yield from iter(self._query)
  File "C:\Users\SOHAM\AppData\Local\Programs\Python\Python310\lib\site-packages\djongo\sql2mongo\query.py", line 166, in __iter__
    for doc in cursor:
  File "C:\Users\SOHAM\AppData\Local\Programs\Python\Python310\lib\site-packages\pymongo\synchronous\cursor.py", line 1166, in __next__
    return self.next()
  File "C:\Users\SOHAM\AppData\Local\Programs\Python\Python310\lib\site-packages\pymongo\synchronous\cursor.py", line 1142, in next
    if len(self._data) or self._refresh():
  File "C:\Users\SOHAM\AppData\Local\Programs\Python\Python310\lib\site-packages\pymongo\synchronous\cursor.py", line 1090, in _refresh
    self._send_message(q)
  File "C:\Users\SOHAM\AppData\Local\Programs\Python\Python310\lib\site-packages\pymongo\synchronous\cursor.py", line 985, in _send_message
    response = client._run_operation(
  File "C:\Users\SOHAM\AppData\Local\Programs\Python\Python310\lib\site-packages\pymongo\_csot.py", line 125, in csot_wrapper
    return func(self, *args, **kwargs)
  File "C:\Users\SOHAM\AppData\Local\Programs\Python\Python310\lib\site-packages\pymongo\synchronous\mongo_client.py", line 1956, in _run_operation
    return self._retryable_read(
  File "C:\Users\SOHAM\AppData\Local\Programs\Python\Python310\lib\site-packages\pymongo\synchronous\mongo_client.py", line 2076, in _retryable_read
    return self._retry_internal(
  File "C:\Users\SOHAM\AppData\Local\Programs\Python\Python310\lib\site-packages\pymongo\_csot.py", line 125, in csot_wrapper
    return func(self, *args, **kwargs)
  File "C:\Users\SOHAM\AppData\Local\Programs\Python\Python310\lib\site-packages\pymongo\synchronous\mongo_client.py", line 2038, in _retry_internal
    ).run()
  File "C:\Users\SOHAM\AppData\Local\Programs\Python\Python310\lib\site-packages\pymongo\synchronous\mongo_client.py", line 2811, in run
    res = self._read() if self._is_read else self._write()
  File "C:\Users\SOHAM\AppData\Local\Programs\Python\Python310\lib\site-packages\pymongo\synchronous\mongo_client.py", line 3027, in _read
    self._server = self._get_server()
  File "C:\Users\SOHAM\AppData\Local\Programs\Python\Python310\lib\site-packages\pymongo\synchronous\mongo_client.py", line 2975, in _get_server
    return self._client._select_server(
  File "C:\Users\SOHAM\AppData\Local\Programs\Python\Python310\lib\site-packages\pymongo\synchronous\mongo_client.py", line 1851, in _select_server
    server = topology.select_server(
  File "C:\Users\SOHAM\AppData\Local\Programs\Python\Python310\lib\site-packages\pymongo\synchronous\topology.py", line 428, in select_server
    server = self._select_server(
  File "C:\Users\SOHAM\AppData\Local\Programs\Python\Python310\lib\site-packages\pymongo\synchronous\topology.py", line 402, in _select_server
    servers = self.select_servers(
  File "C:\Users\SOHAM\AppData\Local\Programs\Python\Python310\lib\site-packages\pymongo\synchronous\topology.py", line 298, in select_servers
    server_descriptions = self._select_servers_loop(
  File "C:\Users\SOHAM\AppData\Local\Programs\Python\Python310\lib\site-packages\pymongo\synchronous\topology.py", line 376, in _select_servers_loop
    self._ensure_opened()
  File "C:\Users\SOHAM\AppData\Local\Programs\Python\Python310\lib\site-packages\pymongo\synchronous\topology.py", line 812, in _ensure_opened
    raise InvalidOperation("Cannot use MongoClient after close")
pymongo.errors.InvalidOperation: Cannot use MongoClient after close

The above exception was the direct cause of the following exception:

Traceback (most recent call last):
  File "C:\Users\SOHAM\AppData\Local\Programs\Python\Python310\lib\site-packages\djongo\cursor.py", line 65, in fetchmany
    ret.append(self.result.next())
  File "C:\Users\SOHAM\AppData\Local\Programs\Python\Python310\lib\site-packages\djongo\sql2mongo\query.py", line 797, in __next__
    result = next(self._result_generator)
  File "C:\Users\SOHAM\AppData\Local\Programs\Python\Python310\lib\site-packages\djongo\sql2mongo\query.py", line 830, in __iter__
    raise exe from e
djongo.exceptions.SQLDecodeError: 

	Keyword: FAILED SQL: SELECT "django_session"."session_key", "django_session"."session_data", "django_session"."expire_date" FROM "django_session" WHERE ("django_session"."expire_date" > %(0)s AND "django_session"."session_key" = %(1)s) LIMIT 21
Params: (datetime.datetime(2026, 8, 3, 19, 7, 42, 968917), 'ewrxc5ry93cvf42mkrk986by4cf9l12z')
Version: 1.3.6
	Sub SQL: None
	FAILED SQL: None
	Params: None
	Version: None

-----------------
Traceback (most recent call last):
  File "C:\Users\SOHAM\AppData\Local\Programs\Python\Python310\lib\site-packages\django\contrib\sessions\backends\base.py", line 233, in _get_session
    return self._session_cache
AttributeError: 'SessionStore' object has no attribute '_session_cache'

During handling of the above exception, another exception occurred:

Traceback (most recent call last):
  File "C:\Users\SOHAM\AppData\Local\Programs\Python\Python310\lib\site-packages\djongo\sql2mongo\query.py", line 808, in __iter__
    yield from iter(self._query)
  File "C:\Users\SOHAM\AppData\Local\Programs\Python\Python310\lib\site-packages\djongo\sql2mongo\query.py", line 166, in __iter__
    for doc in cursor:
  File "C:\Users\SOHAM\AppData\Local\Programs\Python\Python310\lib\site-packages\pymongo\synchronous\cursor.py", line 1166, in __next__
    return self.next()
  File "C:\Users\SOHAM\AppData\Local\Programs\Python\Python310\lib\site-packages\pymongo\synchronous\cursor.py", line 1142, in next
    if len(self._data) or self._refresh():
  File "C:\Users\SOHAM\AppData\Local\Programs\Python\Python310\lib\site-packages\pymongo\synchronous\cursor.py", line 1090, in _refresh
    self._send_message(q)
  File "C:\Users\SOHAM\AppData\Local\Programs\Python\Python310\lib\site-packages\pymongo\synchronous\cursor.py", line 985, in _send_message
    response = client._run_operation(
  File "C:\Users\SOHAM\AppData\Local\Programs\Python\Python310\lib\site-packages\pymongo\_csot.py", line 125, in csot_wrapper
    return func(self, *args, **kwargs)
  File "C:\Users\SOHAM\AppData\Local\Programs\Python\Python310\lib\site-packages\pymongo\synchronous\mongo_client.py", line 1956, in _run_operation
    return self._retryable_read(
  File "C:\Users\SOHAM\AppData\Local\Programs\Python\Python310\lib\site-packages\pymongo\synchronous\mongo_client.py", line 2076, in _retryable_read
    return self._retry_internal(
  File "C:\Users\SOHAM\AppData\Local\Programs\Python\Python310\lib\site-packages\pymongo\_csot.py", line 125, in csot_wrapper
    return func(self, *args, **kwargs)
  File "C:\Users\SOHAM\AppData\Local\Programs\Python\Python310\lib\site-packages\pymongo\synchronous\mongo_client.py", line 2038, in _retry_internal
    ).run()
  File "C:\Users\SOHAM\AppData\Local\Programs\Python\Python310\lib\site-packages\pymongo\synchronous\mongo_client.py", line 2811, in run
    res = self._read() if self._is_read else self._write()
  File "C:\Users\SOHAM\AppData\Local\Programs\Python\Python310\lib\site-packages\pymongo\synchronous\mongo_client.py", line 3027, in _read
    self._server = self._get_server()
  File "C:\Users\SOHAM\AppData\Local\Programs\Python\Python310\lib\site-packages\pymongo\synchronous\mongo_client.py", line 2975, in _get_server
    return self._client._select_server(
  File "C:\Users\SOHAM\AppData\Local\Programs\Python\Python310\lib\site-packages\pymongo\synchronous\mongo_client.py", line 1851, in _select_server
    server = topology.select_server(
  File "C:\Users\SOHAM\AppData\Local\Programs\Python\Python310\lib\site-packages\pymongo\synchronous\topology.py", line 428, in select_server
    server = self._select_server(
  File "C:\Users\SOHAM\AppData\Local\Programs\Python\Python310\lib\site-packages\pymongo\synchronous\topology.py", line 402, in _select_server
    servers = self.select_servers(
  File "C:\Users\SOHAM\AppData\Local\Programs\Python\Python310\lib\site-packages\pymongo\synchronous\topology.py", line 298, in select_servers
    server_descriptions = self._select_servers_loop(
  File "C:\Users\SOHAM\AppData\Local\Programs\Python\Python310\lib\site-packages\pymongo\synchronous\topology.py", line 376, in _select_servers_loop
    self._ensure_opened()
  File "C:\Users\SOHAM\AppData\Local\Programs\Python\Python310\lib\site-packages\pymongo\synchronous\topology.py", line 812, in _ensure_opened
    raise InvalidOperation("Cannot use MongoClient after close")
pymongo.errors.InvalidOperation: Cannot use MongoClient after close

The above exception was the direct cause of the following exception:

Traceback (most recent call last):
  File "C:\Users\SOHAM\AppData\Local\Programs\Python\Python310\lib\site-packages\djongo\cursor.py", line 65, in fetchmany
    ret.append(self.result.next())
  File "C:\Users\SOHAM\AppData\Local\Programs\Python\Python310\lib\site-packages\djongo\sql2mongo\query.py", line 797, in __next__
    result = next(self._result_generator)
  File "C:\Users\SOHAM\AppData\Local\Programs\Python\Python310\lib\site-packages\djongo\sql2mongo\query.py", line 830, in __iter__
    raise exe from e
djongo.exceptions.SQLDecodeError: 

	Keyword: FAILED SQL: SELECT "django_session"."session_key", "django_session"."session_data", "django_session"."expire_date" FROM "django_session" WHERE ("django_session"."expire_date" > %(0)s AND "django_session"."session_key" = %(1)s) LIMIT 21
Params: (datetime.datetime(2026, 8, 3, 19, 7, 42, 968917), 'ewrxc5ry93cvf42mkrk986by4cf9l12z')
Version: 1.3.6
	Sub SQL: None
	FAILED SQL: None
	Params: None
	Version: None

The above exception was the direct cause of the following exception:

Traceback (most recent call last):
  File "C:\Users\SOHAM\AppData\Local\Programs\Python\Python310\lib\site-packages\django\db\utils.py", line 97, in inner
    return func(*args, **kwargs)
  File "C:\Users\SOHAM\AppData\Local\Programs\Python\Python310\lib\site-packages\djongo\cursor.py", line 75, in fetchmany
    raise db_exe from e
djongo.database.DatabaseError: 

	Keyword: FAILED SQL: SELECT "django_session"."session_key", "django_session"."session_data", "django_session"."expire_date" FROM "django_session" WHERE ("django_session"."expire_date" > %(0)s AND "django_session"."session_key" = %(1)s) LIMIT 21
Params: (datetime.datetime(2026, 8, 3, 19, 7, 42, 968917), 'ewrxc5ry93cvf42mkrk986by4cf9l12z')
Version: 1.3.6
	Sub SQL: None
	FAILED SQL: None
	Params: None
	Version: None
TRACE:
Traceback (most recent call last):
  File "C:\Users\SOHAM\AppData\Local\Programs\Python\Python310\lib\site-packages\django\contrib\sessions\backends\base.py", line 233, in _get_session
    return self._session_cache
AttributeError: 'SessionStore' object has no attribute '_session_cache'

During handling of the above exception, another exception occurred:

Traceback (most recent call last):
  File "C:\Users\SOHAM\AppData\Local\Programs\Python\Python310\lib\site-packages\djongo\sql2mongo\query.py", line 808, in __iter__
    yield from iter(self._query)
  File "C:\Users\SOHAM\AppData\Local\Programs\Python\Python310\lib\site-packages\djongo\sql2mongo\query.py", line 166, in __iter__
    for doc in cursor:
  File "C:\Users\SOHAM\AppData\Local\Programs\Python\Python310\lib\site-packages\pymongo\synchronous\cursor.py", line 1166, in __next__
    return self.next()
  File "C:\Users\SOHAM\AppData\Local\Programs\Python\Python310\lib\site-packages\pymongo\synchronous\cursor.py", line 1142, in next
    if len(self._data) or self._refresh():
  File "C:\Users\SOHAM\AppData\Local\Programs\Python\Python310\lib\site-packages\pymongo\synchronous\cursor.py", line 1090, in _refresh
    self._send_message(q)
  File "C:\Users\SOHAM\AppData\Local\Programs\Python\Python310\lib\site-packages\pymongo\synchronous\cursor.py", line 985, in _send_message
    response = client._run_operation(
  File "C:\Users\SOHAM\AppData\Local\Programs\Python\Python310\lib\site-packages\pymongo\_csot.py", line 125, in csot_wrapper
    return func(self, *args, **kwargs)
  File "C:\Users\SOHAM\AppData\Local\Programs\Python\Python310\lib\site-packages\pymongo\synchronous\mongo_client.py", line 1956, in _run_operation
    return self._retryable_read(
  File "C:\Users\SOHAM\AppData\Local\Programs\Python\Python310\lib\site-packages\pymongo\synchronous\mongo_client.py", line 2076, in _retryable_read
    return self._retry_internal(
  File "C:\Users\SOHAM\AppData\Local\Programs\Python\Python310\lib\site-packages\pymongo\_csot.py", line 125, in csot_wrapper
    return func(self, *args, **kwargs)
  File "C:\Users\SOHAM\AppData\Local\Programs\Python\Python310\lib\site-packages\pymongo\synchronous\mongo_client.py", line 2038, in _retry_internal
    ).run()
  File "C:\Users\SOHAM\AppData\Local\Programs\Python\Python310\lib\site-packages\pymongo\synchronous\mongo_client.py", line 2811, in run
    res = self._read() if self._is_read else self._write()
  File "C:\Users\SOHAM\AppData\Local\Programs\Python\Python310\lib\site-packages\pymongo\synchronous\mongo_client.py", line 3027, in _read
    self._server = self._get_server()
  File "C:\Users\SOHAM\AppData\Local\Programs\Python\Python310\lib\site-packages\pymongo\synchronous\mongo_client.py", line 2975, in _get_server
    return self._client._select_server(
  File "C:\Users\SOHAM\AppData\Local\Programs\Python\Python310\lib\site-packages\pymongo\synchronous\mongo_client.py", line 1851, in _select_server
    server = topology.select_server(
  File "C:\Users\SOHAM\AppData\Local\Programs\Python\Python310\lib\site-packages\pymongo\synchronous\topology.py", line 428, in select_server
    server = self._select_server(
  File "C:\Users\SOHAM\AppData\Local\Programs\Python\Python310\lib\site-packages\pymongo\synchronous\topology.py", line 402, in _select_server
    servers = self.select_servers(
  File "C:\Users\SOHAM\AppData\Local\Programs\Python\Python310\lib\site-packages\pymongo\synchronous\topology.py", line 298, in select_servers
    server_descriptions = self._select_servers_loop(
  File "C:\Users\SOHAM\AppData\Local\Programs\Python\Python310\lib\site-packages\pymongo\synchronous\topology.py", line 376, in _select_servers_loop
    self._ensure_opened()
  File "C:\Users\SOHAM\AppData\Local\Programs\Python\Python310\lib\site-packages\pymongo\synchronous\topology.py", line 812, in _ensure_opened
    raise InvalidOperation("Cannot use MongoClient after close")
pymongo.errors.InvalidOperation: Cannot use MongoClient after close

The above exception was the direct cause of the following exception:

Traceback (most recent call last):
  File "C:\Users\SOHAM\AppData\Local\Programs\Python\Python310\lib\site-packages\djongo\cursor.py", line 65, in fetchmany
    ret.append(self.result.next())
  File "C:\Users\SOHAM\AppData\Local\Programs\Python\Python310\lib\site-packages\djongo\sql2mongo\query.py", line 797, in __next__
    result = next(self._result_generator)
  File "C:\Users\SOHAM\AppData\Local\Programs\Python\Python310\lib\site-packages\djongo\sql2mongo\query.py", line 830, in __iter__
    raise exe from e
djongo.exceptions.SQLDecodeError: 

	Keyword: FAILED SQL: SELECT "django_session"."session_key", "django_session"."session_data", "django_session"."expire_date" FROM "django_session" WHERE ("django_session"."expire_date" > %(0)s AND "django_session"."session_key" = %(1)s) LIMIT 21
Params: (datetime.datetime(2026, 8, 3, 19, 7, 42, 968917), 'ewrxc5ry93cvf42mkrk986by4cf9l12z')
Version: 1.3.6
	Sub SQL: None
	FAILED SQL: None
	Params: None
	Version: None


The above exception was the direct cause of the following exception:

Traceback (most recent call last):
  File "C:\Users\SOHAM\AppData\Local\Programs\Python\Python310\lib\site-packages\django\core\handlers\exception.py", line 47, in inner
    response = get_response(request)
  File "C:\Users\SOHAM\AppData\Local\Programs\Python\Python310\lib\site-packages\django\core\handlers\base.py", line 181, in _get_response
    response = wrapped_callback(request, *callback_args, **callback_kwargs)
  File "C:\Users\SOHAM\AppData\Local\Programs\Python\Python310\lib\site-packages\django\contrib\admin\sites.py", line 250, in wrapper
    return self.admin_view(view, cacheable)(*args, **kwargs)
  File "C:\Users\SOHAM\AppData\Local\Programs\Python\Python310\lib\site-packages\django\utils\decorators.py", line 130, in _wrapped_view
    response = view_func(request, *args, **kwargs)
  File "C:\Users\SOHAM\AppData\Local\Programs\Python\Python310\lib\site-packages\django\views\decorators\cache.py", line 44, in _wrapped_view_func
    response = view_func(request, *args, **kwargs)
  File "C:\Users\SOHAM\AppData\Local\Programs\Python\Python310\lib\site-packages\django\contrib\admin\sites.py", line 221, in inner
    if not self.has_permission(request):
  File "C:\Users\SOHAM\AppData\Local\Programs\Python\Python310\lib\site-packages\django\contrib\admin\sites.py", line 195, in has_permission
    return request.user.is_active and request.user.is_staff
  File "C:\Users\SOHAM\AppData\Local\Programs\Python\Python310\lib\site-packages\django\utils\functional.py", line 246, in inner
    self._setup()
  File "C:\Users\SOHAM\AppData\Local\Programs\Python\Python310\lib\site-packages\django\utils\functional.py", line 382, in _setup
    self._wrapped = self._setupfunc()
  File "C:\Users\SOHAM\AppData\Local\Programs\Python\Python310\lib\site-packages\django\contrib\auth\middleware.py", line 23, in <lambda>
    request.user = SimpleLazyObject(lambda: get_user(request))
  File "C:\Users\SOHAM\AppData\Local\Programs\Python\Python310\lib\site-packages\django\contrib\auth\middleware.py", line 11, in get_user
    request._cached_user = auth.get_user(request)
  File "C:\Users\SOHAM\AppData\Local\Programs\Python\Python310\lib\site-packages\django\contrib\auth\__init__.py", line 177, in get_user
    user_id = _get_user_session_key(request)
  File "C:\Users\SOHAM\AppData\Local\Programs\Python\Python310\lib\site-packages\django\contrib\auth\__init__.py", line 60, in _get_user_session_key
    return get_user_model()._meta.pk.to_python(request.session[SESSION_KEY])
  File "C:\Users\SOHAM\AppData\Local\Programs\Python\Python310\lib\site-packages\django\contrib\sessions\backends\base.py", line 65, in __getitem__
    return self._session[key]
  File "C:\Users\SOHAM\AppData\Local\Programs\Python\Python310\lib\site-packages\django\contrib\sessions\backends\base.py", line 238, in _get_session
    self._session_cache = self.load()
  File "C:\Users\SOHAM\AppData\Local\Programs\Python\Python310\lib\site-packages\django\contrib\sessions\backends\db.py", line 43, in load
    s = self._get_session_from_db()
  File "C:\Users\SOHAM\AppData\Local\Programs\Python\Python310\lib\site-packages\django\contrib\sessions\backends\db.py", line 32, in _get_session_from_db
    return self.model.objects.get(
  File "C:\Users\SOHAM\AppData\Local\Programs\Python\Python310\lib\site-packages\django\db\models\manager.py", line 85, in manager_method
    return getattr(self.get_queryset(), name)(*args, **kwargs)
  File "C:\Users\SOHAM\AppData\Local\Programs\Python\Python310\lib\site-packages\django\db\models\query.py", line 431, in get
    num = len(clone)
  File "C:\Users\SOHAM\AppData\Local\Programs\Python\Python310\lib\site-packages\django\db\models\query.py", line 262, in __len__
    self._fetch_all()
  File "C:\Users\SOHAM\AppData\Local\Programs\Python\Python310\lib\site-packages\django\db\models\query.py", line 1324, in _fetch_all
    self._result_cache = list(self._iterable_class(self))
  File "C:\Users\SOHAM\AppData\Local\Programs\Python\Python310\lib\site-packages\django\db\models\query.py", line 51, in __iter__
    results = compiler.execute_sql(chunked_fetch=self.chunked_fetch, chunk_size=self.chunk_size)
  File "C:\Users\SOHAM\AppData\Local\Programs\Python\Python310\lib\site-packages\django\db\models\sql\compiler.py", line 1208, in execute_sql
    return list(result)
  File "C:\Users\SOHAM\AppData\Local\Programs\Python\Python310\lib\site-packages\django\db\models\sql\compiler.py", line 1646, in cursor_iter
    for rows in iter((lambda: cursor.fetchmany(itersize)), sentinel):
  File "C:\Users\SOHAM\AppData\Local\Programs\Python\Python310\lib\site-packages\django\db\models\sql\compiler.py", line 1646, in <lambda>
    for rows in iter((lambda: cursor.fetchmany(itersize)), sentinel):
  File "C:\Users\SOHAM\AppData\Local\Programs\Python\Python310\lib\site-packages\django\db\utils.py", line 96, in inner
    with self:
  File "C:\Users\SOHAM\AppData\Local\Programs\Python\Python310\lib\site-packages\django\db\utils.py", line 90, in __exit__
    raise dj_exc_value.with_traceback(traceback) from exc_value
  File "C:\Users\SOHAM\AppData\Local\Programs\Python\Python310\lib\site-packages\django\db\utils.py", line 97, in inner
    return func(*args, **kwargs)
  File "C:\Users\SOHAM\AppData\Local\Programs\Python\Python310\lib\site-packages\djongo\cursor.py", line 75, in fetchmany
    raise db_exe from e
django.db.utils.DatabaseError: 

	Keyword: FAILED SQL: SELECT "django_session"."session_key", "django_session"."session_data", "django_session"."expire_date" FROM "django_session" WHERE ("django_session"."expire_date" > %(0)s AND "django_session"."session_key" = %(1)s) LIMIT 21
Params: (datetime.datetime(2026, 8, 3, 19, 7, 42, 968917), 'ewrxc5ry93cvf42mkrk986by4cf9l12z')
Version: 1.3.6
	Sub SQL: None
	FAILED SQL: None
	Params: None
	Version: None
TRACE:
Traceback (most recent call last):
  File "C:\Users\SOHAM\AppData\Local\Programs\Python\Python310\lib\site-packages\django\contrib\sessions\backends\base.py", line 233, in _get_session
    return self._session_cache
AttributeError: 'SessionStore' object has no attribute '_session_cache'

During handling of the above exception, another exception occurred:

Traceback (most recent call last):
  File "C:\Users\SOHAM\AppData\Local\Programs\Python\Python310\lib\site-packages\djongo\sql2mongo\query.py", line 808, in __iter__
    yield from iter(self._query)
  File "C:\Users\SOHAM\AppData\Local\Programs\Python\Python310\lib\site-packages\djongo\sql2mongo\query.py", line 166, in __iter__
    for doc in cursor:
  File "C:\Users\SOHAM\AppData\Local\Programs\Python\Python310\lib\site-packages\pymongo\synchronous\cursor.py", line 1166, in __next__
    return self.next()
  File "C:\Users\SOHAM\AppData\Local\Programs\Python\Python310\lib\site-packages\pymongo\synchronous\cursor.py", line 1142, in next
    if len(self._data) or self._refresh():
  File "C:\Users\SOHAM\AppData\Local\Programs\Python\Python310\lib\site-packages\pymongo\synchronous\cursor.py", line 1090, in _refresh
    self._send_message(q)
  File "C:\Users\SOHAM\AppData\Local\Programs\Python\Python310\lib\site-packages\pymongo\synchronous\cursor.py", line 985, in _send_message
    response = client._run_operation(
  File "C:\Users\SOHAM\AppData\Local\Programs\Python\Python310\lib\site-packages\pymongo\_csot.py", line 125, in csot_wrapper
    return func(self, *args, **kwargs)
  File "C:\Users\SOHAM\AppData\Local\Programs\Python\Python310\lib\site-packages\pymongo\synchronous\mongo_client.py", line 1956, in _run_operation
    return self._retryable_read(
  File "C:\Users\SOHAM\AppData\Local\Programs\Python\Python310\lib\site-packages\pymongo\synchronous\mongo_client.py", line 2076, in _retryable_read
    return self._retry_internal(
  File "C:\Users\SOHAM\AppData\Local\Programs\Python\Python310\lib\site-packages\pymongo\_csot.py", line 125, in csot_wrapper
    return func(self, *args, **kwargs)
  File "C:\Users\SOHAM\AppData\Local\Programs\Python\Python310\lib\site-packages\pymongo\synchronous\mongo_client.py", line 2038, in _retry_internal
    ).run()
  File "C:\Users\SOHAM\AppData\Local\Programs\Python\Python310\lib\site-packages\pymongo\synchronous\mongo_client.py", line 2811, in run
    res = self._read() if self._is_read else self._write()
  File "C:\Users\SOHAM\AppData\Local\Programs\Python\Python310\lib\site-packages\pymongo\synchronous\mongo_client.py", line 3027, in _read
    self._server = self._get_server()
  File "C:\Users\SOHAM\AppData\Local\Programs\Python\Python310\lib\site-packages\pymongo\synchronous\mongo_client.py", line 2975, in _get_server
    return self._client._select_server(
  File "C:\Users\SOHAM\AppData\Local\Programs\Python\Python310\lib\site-packages\pymongo\synchronous\mongo_client.py", line 1851, in _select_server
    server = topology.select_server(
  File "C:\Users\SOHAM\AppData\Local\Programs\Python\Python310\lib\site-packages\pymongo\synchronous\topology.py", line 428, in select_server
    server = self._select_server(
  File "C:\Users\SOHAM\AppData\Local\Programs\Python\Python310\lib\site-packages\pymongo\synchronous\topology.py", line 402, in _select_server
    servers = self.select_servers(
  File "C:\Users\SOHAM\AppData\Local\Programs\Python\Python310\lib\site-packages\pymongo\synchronous\topology.py", line 298, in select_servers
    server_descriptions = self._select_servers_loop(
  File "C:\Users\SOHAM\AppData\Local\Programs\Python\Python310\lib\site-packages\pymongo\synchronous\topology.py", line 376, in _select_servers_loop
    self._ensure_opened()
  File "C:\Users\SOHAM\AppData\Local\Programs\Python\Python310\lib\site-packages\pymongo\synchronous\topology.py", line 812, in _ensure_opened
    raise InvalidOperation("Cannot use MongoClient after close")
pymongo.errors.InvalidOperation: Cannot use MongoClient after close

The above exception was the direct cause of the following exception:

Traceback (most recent call last):
  File "C:\Users\SOHAM\AppData\Local\Programs\Python\Python310\lib\site-packages\djongo\cursor.py", line 65, in fetchmany
    ret.append(self.result.next())
  File "C:\Users\SOHAM\AppData\Local\Programs\Python\Python310\lib\site-packages\djongo\sql2mongo\query.py", line 797, in __next__
    result = next(self._result_generator)
  File "C:\Users\SOHAM\AppData\Local\Programs\Python\Python310\lib\site-packages\djongo\sql2mongo\query.py", line 830, in __iter__
    raise exe from e
djongo.exceptions.SQLDecodeError: 

	Keyword: FAILED SQL: SELECT "django_session"."session_key", "django_session"."session_data", "django_session"."expire_date" FROM "django_session" WHERE ("django_session"."expire_date" > %(0)s AND "django_session"."session_key" = %(1)s) LIMIT 21
Params: (datetime.datetime(2026, 8, 3, 19, 7, 42, 968917), 'ewrxc5ry93cvf42mkrk986by4cf9l12z')
Version: 1.3.6
	Sub SQL: None
	FAILED SQL: None
	Params: None
	Version: None


During handling of the above exception, another exception occurred:

Traceback (most recent call last):
  File "C:\Users\SOHAM\AppData\Local\Programs\Python\Python310\lib\site-packages\djongo\sql2mongo\query.py", line 808, in __iter__
    yield from iter(self._query)
  File "C:\Users\SOHAM\AppData\Local\Programs\Python\Python310\lib\site-packages\djongo\sql2mongo\query.py", line 166, in __iter__
    for doc in cursor:
  File "C:\Users\SOHAM\AppData\Local\Programs\Python\Python310\lib\site-packages\pymongo\synchronous\cursor.py", line 1166, in __next__
    return self.next()
  File "C:\Users\SOHAM\AppData\Local\Programs\Python\Python310\lib\site-packages\pymongo\synchronous\cursor.py", line 1142, in next
    if len(self._data) or self._refresh():
  File "C:\Users\SOHAM\AppData\Local\Programs\Python\Python310\lib\site-packages\pymongo\synchronous\cursor.py", line 1090, in _refresh
    self._send_message(q)
  File "C:\Users\SOHAM\AppData\Local\Programs\Python\Python310\lib\site-packages\pymongo\synchronous\cursor.py", line 985, in _send_message
    response = client._run_operation(
  File "C:\Users\SOHAM\AppData\Local\Programs\Python\Python310\lib\site-packages\pymongo\_csot.py", line 125, in csot_wrapper
    return func(self, *args, **kwargs)
  File "C:\Users\SOHAM\AppData\Local\Programs\Python\Python310\lib\site-packages\pymongo\synchronous\mongo_client.py", line 1956, in _run_operation
    return self._retryable_read(
  File "C:\Users\SOHAM\AppData\Local\Programs\Python\Python310\lib\site-packages\pymongo\synchronous\mongo_client.py", line 2076, in _retryable_read
    return self._retry_internal(
  File "C:\Users\SOHAM\AppData\Local\Programs\Python\Python310\lib\site-packages\pymongo\_csot.py", line 125, in csot_wrapper
    return func(self, *args, **kwargs)
  File "C:\Users\SOHAM\AppData\Local\Programs\Python\Python310\lib\site-packages\pymongo\synchronous\mongo_client.py", line 2038, in _retry_internal
    ).run()
  File "C:\Users\SOHAM\AppData\Local\Programs\Python\Python310\lib\site-packages\pymongo\synchronous\mongo_client.py", line 2811, in run
    res = self._read() if self._is_read else self._write()
  File "C:\Users\SOHAM\AppData\Local\Programs\Python\Python310\lib\site-packages\pymongo\synchronous\mongo_client.py", line 3027, in _read
    self._server = self._get_server()
  File "C:\Users\SOHAM\AppData\Local\Programs\Python\Python310\lib\site-packages\pymongo\synchronous\mongo_client.py", line 2975, in _get_server
    return self._client._select_server(
  File "C:\Users\SOHAM\AppData\Local\Programs\Python\Python310\lib\site-packages\pymongo\synchronous\mongo_client.py", line 1851, in _select_server
    server = topology.select_server(
  File "C:\Users\SOHAM\AppData\Local\Programs\Python\Python310\lib\site-packages\pymongo\synchronous\topology.py", line 428, in select_server
    server = self._select_server(
  File "C:\Users\SOHAM\AppData\Local\Programs\Python\Python310\lib\site-packages\pymongo\synchronous\topology.py", line 402, in _select_server
    servers = self.select_servers(
  File "C:\Users\SOHAM\AppData\Local\Programs\Python\Python310\lib\site-packages\pymongo\synchronous\topology.py", line 298, in select_servers
    server_descriptions = self._select_servers_loop(
  File "C:\Users\SOHAM\AppData\Local\Programs\Python\Python310\lib\site-packages\pymongo\synchronous\topology.py", line 376, in _select_servers_loop
    self._ensure_opened()
  File "C:\Users\SOHAM\AppData\Local\Programs\Python\Python310\lib\site-packages\pymongo\synchronous\topology.py", line 812, in _ensure_opened
    raise InvalidOperation("Cannot use MongoClient after close")
pymongo.errors.InvalidOperation: Cannot use MongoClient after close

The above exception was the direct cause of the following exception:

Traceback (most recent call last):
  File "C:\Users\SOHAM\AppData\Local\Programs\Python\Python310\lib\site-packages\djongo\cursor.py", line 65, in fetchmany
    ret.append(self.result.next())
  File "C:\Users\SOHAM\AppData\Local\Programs\Python\Python310\lib\site-packages\djongo\sql2mongo\query.py", line 797, in __next__
    result = next(self._result_generator)
  File "C:\Users\SOHAM\AppData\Local\Programs\Python\Python310\lib\site-packages\djongo\sql2mongo\query.py", line 830, in __iter__
    raise exe from e
djongo.exceptions.SQLDecodeError: 

	Keyword: FAILED SQL: SELECT "django_session"."session_key", "django_session"."session_data", "django_session"."expire_date" FROM "django_session" WHERE ("django_session"."expire_date" > %(0)s AND "django_session"."session_key" = %(1)s) LIMIT 21
Params: (datetime.datetime(2026, 8, 3, 19, 7, 42, 968917), 'ewrxc5ry93cvf42mkrk986by4cf9l12z')
Version: 1.3.6
	Sub SQL: None
	FAILED SQL: None
	Params: None
	Version: None

-----------------
Traceback (most recent call last):
  File "C:\Users\SOHAM\AppData\Local\Programs\Python\Python310\lib\site-packages\django\contrib\sessions\backends\base.py", line 233, in _get_session
    return self._session_cache
AttributeError: 'SessionStore' object has no attribute '_session_cache'

During handling of the above exception, another exception occurred:

Traceback (most recent call last):
  File "C:\Users\SOHAM\AppData\Local\Programs\Python\Python310\lib\site-packages\djongo\sql2mongo\query.py", line 808, in __iter__
    yield from iter(self._query)
  File "C:\Users\SOHAM\AppData\Local\Programs\Python\Python310\lib\site-packages\djongo\sql2mongo\query.py", line 166, in __iter__
    for doc in cursor:
  File "C:\Users\SOHAM\AppData\Local\Programs\Python\Python310\lib\site-packages\pymongo\synchronous\cursor.py", line 1166, in __next__
    return self.next()
  File "C:\Users\SOHAM\AppData\Local\Programs\Python\Python310\lib\site-packages\pymongo\synchronous\cursor.py", line 1142, in next
    if len(self._data) or self._refresh():
  File "C:\Users\SOHAM\AppData\Local\Programs\Python\Python310\lib\site-packages\pymongo\synchronous\cursor.py", line 1090, in _refresh
    self._send_message(q)
  File "C:\Users\SOHAM\AppData\Local\Programs\Python\Python310\lib\site-packages\pymongo\synchronous\cursor.py", line 985, in _send_message
    response = client._run_operation(
  File "C:\Users\SOHAM\AppData\Local\Programs\Python\Python310\lib\site-packages\pymongo\_csot.py", line 125, in csot_wrapper
    return func(self, *args, **kwargs)
  File "C:\Users\SOHAM\AppData\Local\Programs\Python\Python310\lib\site-packages\pymongo\synchronous\mongo_client.py", line 1956, in _run_operation
    return self._retryable_read(
  File "C:\Users\SOHAM\AppData\Local\Programs\Python\Python310\lib\site-packages\pymongo\synchronous\mongo_client.py", line 2076, in _retryable_read
    return self._retry_internal(
  File "C:\Users\SOHAM\AppData\Local\Programs\Python\Python310\lib\site-packages\pymongo\_csot.py", line 125, in csot_wrapper
    return func(self, *args, **kwargs)
  File "C:\Users\SOHAM\AppData\Local\Programs\Python\Python310\lib\site-packages\pymongo\synchronous\mongo_client.py", line 2038, in _retry_internal
    ).run()
  File "C:\Users\SOHAM\AppData\Local\Programs\Python\Python310\lib\site-packages\pymongo\synchronous\mongo_client.py", line 2811, in run
    res = self._read() if self._is_read else self._write()
  File "C:\Users\SOHAM\AppData\Local\Programs\Python\Python310\lib\site-packages\pymongo\synchronous\mongo_client.py", line 3027, in _read
    self._server = self._get_server()
  File "C:\Users\SOHAM\AppData\Local\Programs\Python\Python310\lib\site-packages\pymongo\synchronous\mongo_client.py", line 2975, in _get_server
    return self._client._select_server(
  File "C:\Users\SOHAM\AppData\Local\Programs\Python\Python310\lib\site-packages\pymongo\synchronous\mongo_client.py", line 1851, in _select_server
    server = topology.select_server(
  File "C:\Users\SOHAM\AppData\Local\Programs\Python\Python310\lib\site-packages\pymongo\synchronous\topology.py", line 428, in select_server
    server = self._select_server(
  File "C:\Users\SOHAM\AppData\Local\Programs\Python\Python310\lib\site-packages\pymongo\synchronous\topology.py", line 402, in _select_server
    servers = self.select_servers(
  File "C:\Users\SOHAM\AppData\Local\Programs\Python\Python310\lib\site-packages\pymongo\synchronous\topology.py", line 298, in select_servers
    server_descriptions = self._select_servers_loop(
  File "C:\Users\SOHAM\AppData\Local\Programs\Python\Python310\lib\site-packages\pymongo\synchronous\topology.py", line 376, in _select_servers_loop
    self._ensure_opened()
  File "C:\Users\SOHAM\AppData\Local\Programs\Python\Python310\lib\site-packages\pymongo\synchronous\topology.py", line 812, in _ensure_opened
    raise InvalidOperation("Cannot use MongoClient after close")
pymongo.errors.InvalidOperation: Cannot use MongoClient after close

The above exception was the direct cause of the following exception:

Traceback (most recent call last):
  File "C:\Users\SOHAM\AppData\Local\Programs\Python\Python310\lib\site-packages\djongo\cursor.py", line 65, in fetchmany
    ret.append(self.result.next())
  File "C:\Users\SOHAM\AppData\Local\Programs\Python\Python310\lib\site-packages\djongo\sql2mongo\query.py", line 797, in __next__
    result = next(self._result_generator)
  File "C:\Users\SOHAM\AppData\Local\Programs\Python\Python310\lib\site-packages\djongo\sql2mongo\query.py", line 830, in __iter__
    raise exe from e
djongo.exceptions.SQLDecodeError: 

	Keyword: FAILED SQL: SELECT "django_session"."session_key", "django_session"."session_data", "django_session"."expire_date" FROM "django_session" WHERE ("django_session"."expire_date" > %(0)s AND "django_session"."session_key" = %(1)s) LIMIT 21
Params: (datetime.datetime(2026, 8, 3, 19, 7, 42, 968917), 'ewrxc5ry93cvf42mkrk986by4cf9l12z')
Version: 1.3.6
	Sub SQL: None
	FAILED SQL: None
	Params: None
	Version: None

The above exception was the direct cause of the following exception:

Traceback (most recent call last):
  File "C:\Users\SOHAM\AppData\Local\Programs\Python\Python310\lib\site-packages\django\db\utils.py", line 97, in inner
    return func(*args, **kwargs)
  File "C:\Users\SOHAM\AppData\Local\Programs\Python\Python310\lib\site-packages\djongo\cursor.py", line 75, in fetchmany
    raise db_exe from e
djongo.database.DatabaseError: 

	Keyword: FAILED SQL: SELECT "django_session"."session_key", "django_session"."session_data", "django_session"."expire_date" FROM "django_session" WHERE ("django_session"."expire_date" > %(0)s AND "django_session"."session_key" = %(1)s) LIMIT 21
Params: (datetime.datetime(2026, 8, 3, 19, 7, 42, 968917), 'ewrxc5ry93cvf42mkrk986by4cf9l12z')
Version: 1.3.6
	Sub SQL: None
	FAILED SQL: None
	Params: None
	Version: None
TRACE:
Traceback (most recent call last):
  File "C:\Users\SOHAM\AppData\Local\Programs\Python\Python310\lib\site-packages\django\contrib\sessions\backends\base.py", line 233, in _get_session
    return self._session_cache
AttributeError: 'SessionStore' object has no attribute '_session_cache'

During handling of the above exception, another exception occurred:

Traceback (most recent call last):
  File "C:\Users\SOHAM\AppData\Local\Programs\Python\Python310\lib\site-packages\djongo\sql2mongo\query.py", line 808, in __iter__
    yield from iter(self._query)
  File "C:\Users\SOHAM\AppData\Local\Programs\Python\Python310\lib\site-packages\djongo\sql2mongo\query.py", line 166, in __iter__
    for doc in cursor:
  File "C:\Users\SOHAM\AppData\Local\Programs\Python\Python310\lib\site-packages\pymongo\synchronous\cursor.py", line 1166, in __next__
    return self.next()
  File "C:\Users\SOHAM\AppData\Local\Programs\Python\Python310\lib\site-packages\pymongo\synchronous\cursor.py", line 1142, in next
    if len(self._data) or self._refresh():
  File "C:\Users\SOHAM\AppData\Local\Programs\Python\Python310\lib\site-packages\pymongo\synchronous\cursor.py", line 1090, in _refresh
    self._send_message(q)
  File "C:\Users\SOHAM\AppData\Local\Programs\Python\Python310\lib\site-packages\pymongo\synchronous\cursor.py", line 985, in _send_message
    response = client._run_operation(
  File "C:\Users\SOHAM\AppData\Local\Programs\Python\Python310\lib\site-packages\pymongo\_csot.py", line 125, in csot_wrapper
    return func(self, *args, **kwargs)
  File "C:\Users\SOHAM\AppData\Local\Programs\Python\Python310\lib\site-packages\pymongo\synchronous\mongo_client.py", line 1956, in _run_operation
    return self._retryable_read(
  File "C:\Users\SOHAM\AppData\Local\Programs\Python\Python310\lib\site-packages\pymongo\synchronous\mongo_client.py", line 2076, in _retryable_read
    return self._retry_internal(
  File "C:\Users\SOHAM\AppData\Local\Programs\Python\Python310\lib\site-packages\pymongo\_csot.py", line 125, in csot_wrapper
    return func(self, *args, **kwargs)
  File "C:\Users\SOHAM\AppData\Local\Programs\Python\Python310\lib\site-packages\pymongo\synchronous\mongo_client.py", line 2038, in _retry_internal
    ).run()
  File "C:\Users\SOHAM\AppData\Local\Programs\Python\Python310\lib\site-packages\pymongo\synchronous\mongo_client.py", line 2811, in run
    res = self._read() if self._is_read else self._write()
  File "C:\Users\SOHAM\AppData\Local\Programs\Python\Python310\lib\site-packages\pymongo\synchronous\mongo_client.py", line 3027, in _read
    self._server = self._get_server()
  File "C:\Users\SOHAM\AppData\Local\Programs\Python\Python310\lib\site-packages\pymongo\synchronous\mongo_client.py", line 2975, in _get_server
    return self._client._select_server(
  File "C:\Users\SOHAM\AppData\Local\Programs\Python\Python310\lib\site-packages\pymongo\synchronous\mongo_client.py", line 1851, in _select_server
    server = topology.select_server(
  File "C:\Users\SOHAM\AppData\Local\Programs\Python\Python310\lib\site-packages\pymongo\synchronous\topology.py", line 428, in select_server
    server = self._select_server(
  File "C:\Users\SOHAM\AppData\Local\Programs\Python\Python310\lib\site-packages\pymongo\synchronous\topology.py", line 402, in _select_server
    servers = self.select_servers(
  File "C:\Users\SOHAM\AppData\Local\Programs\Python\Python310\lib\site-packages\pymongo\synchronous\topology.py", line 298, in select_servers
    server_descriptions = self._select_servers_loop(
  File "C:\Users\SOHAM\AppData\Local\Programs\Python\Python310\lib\site-packages\pymongo\synchronous\topology.py", line 376, in _select_servers_loop
    self._ensure_opened()
  File "C:\Users\SOHAM\AppData\Local\Programs\Python\Python310\lib\site-packages\pymongo\synchronous\topology.py", line 812, in _ensure_opened
    raise InvalidOperation("Cannot use MongoClient after close")
pymongo.errors.InvalidOperation: Cannot use MongoClient after close

The above exception was the direct cause of the following exception:

Traceback (most recent call last):
  File "C:\Users\SOHAM\AppData\Local\Programs\Python\Python310\lib\site-packages\djongo\cursor.py", line 65, in fetchmany
    ret.append(self.result.next())
  File "C:\Users\SOHAM\AppData\Local\Programs\Python\Python310\lib\site-packages\djongo\sql2mongo\query.py", line 797, in __next__
    result = next(self._result_generator)
  File "C:\Users\SOHAM\AppData\Local\Programs\Python\Python310\lib\site-packages\djongo\sql2mongo\query.py", line 830, in __iter__
    raise exe from e
djongo.exceptions.SQLDecodeError: 

	Keyword: FAILED SQL: SELECT "django_session"."session_key", "django_session"."session_data", "django_session"."expire_date" FROM "django_session" WHERE ("django_session"."expire_date" > %(0)s AND "django_session"."session_key" = %(1)s) LIMIT 21
Params: (datetime.datetime(2026, 8, 3, 19, 7, 42, 968917), 'ewrxc5ry93cvf42mkrk986by4cf9l12z')
Version: 1.3.6
	Sub SQL: None
	FAILED SQL: None
	Params: None
	Version: None


The above exception was the direct cause of the following exception:

Traceback (most recent call last):
  File "C:\Users\SOHAM\AppData\Local\Programs\Python\Python310\lib\site-packages\django\core\handlers\exception.py", line 47, in inner
    response = get_response(request)
  File "C:\Users\SOHAM\AppData\Local\Programs\Python\Python310\lib\site-packages\django\core\handlers\base.py", line 181, in _get_response
    response = wrapped_callback(request, *callback_args, **callback_kwargs)
  File "C:\Users\SOHAM\AppData\Local\Programs\Python\Python310\lib\site-packages\django\contrib\admin\sites.py", line 250, in wrapper
    return self.admin_view(view, cacheable)(*args, **kwargs)
  File "C:\Users\SOHAM\AppData\Local\Programs\Python\Python310\lib\site-packages\django\utils\decorators.py", line 130, in _wrapped_view
    response = view_func(request, *args, **kwargs)
  File "C:\Users\SOHAM\AppData\Local\Programs\Python\Python310\lib\site-packages\django\views\decorators\cache.py", line 44, in _wrapped_view_func
    response = view_func(request, *args, **kwargs)
  File "C:\Users\SOHAM\AppData\Local\Programs\Python\Python310\lib\site-packages\django\contrib\admin\sites.py", line 221, in inner
    if not self.has_permission(request):
  File "C:\Users\SOHAM\AppData\Local\Programs\Python\Python310\lib\site-packages\django\contrib\admin\sites.py", line 195, in has_permission
    return request.user.is_active and request.user.is_staff
  File "C:\Users\SOHAM\AppData\Local\Programs\Python\Python310\lib\site-packages\django\utils\functional.py", line 246, in inner
    self._setup()
  File "C:\Users\SOHAM\AppData\Local\Programs\Python\Python310\lib\site-packages\django\utils\functional.py", line 382, in _setup
    self._wrapped = self._setupfunc()
  File "C:\Users\SOHAM\AppData\Local\Programs\Python\Python310\lib\site-packages\django\contrib\auth\middleware.py", line 23, in <lambda>
    request.user = SimpleLazyObject(lambda: get_user(request))
  File "C:\Users\SOHAM\AppData\Local\Programs\Python\Python310\lib\site-packages\django\contrib\auth\middleware.py", line 11, in get_user
    request._cached_user = auth.get_user(request)
  File "C:\Users\SOHAM\AppData\Local\Programs\Python\Python310\lib\site-packages\django\contrib\auth\__init__.py", line 177, in get_user
    user_id = _get_user_session_key(request)
  File "C:\Users\SOHAM\AppData\Local\Programs\Python\Python310\lib\site-packages\django\contrib\auth\__init__.py", line 60, in _get_user_session_key
    return get_user_model()._meta.pk.to_python(request.session[SESSION_KEY])
  File "C:\Users\SOHAM\AppData\Local\Programs\Python\Python310\lib\site-packages\django\contrib\sessions\backends\base.py", line 65, in __getitem__
    return self._session[key]
  File "C:\Users\SOHAM\AppData\Local\Programs\Python\Python310\lib\site-packages\django\contrib\sessions\backends\base.py", line 238, in _get_session
    self._session_cache = self.load()
  File "C:\Users\SOHAM\AppData\Local\Programs\Python\Python310\lib\site-packages\django\contrib\sessions\backends\db.py", line 43, in load
    s = self._get_session_from_db()
  File "C:\Users\SOHAM\AppData\Local\Programs\Python\Python310\lib\site-packages\django\contrib\sessions\backends\db.py", line 32, in _get_session_from_db
    return self.model.objects.get(
  File "C:\Users\SOHAM\AppData\Local\Programs\Python\Python310\lib\site-packages\django\db\models\manager.py", line 85, in manager_method
    return getattr(self.get_queryset(), name)(*args, **kwargs)
  File "C:\Users\SOHAM\AppData\Local\Programs\Python\Python310\lib\site-packages\django\db\models\query.py", line 431, in get
    num = len(clone)
  File "C:\Users\SOHAM\AppData\Local\Programs\Python\Python310\lib\site-packages\django\db\models\query.py", line 262, in __len__
    self._fetch_all()
  File "C:\Users\SOHAM\AppData\Local\Programs\Python\Python310\lib\site-packages\django\db\models\query.py", line 1324, in _fetch_all
    self._result_cache = list(self._iterable_class(self))
  File "C:\Users\SOHAM\AppData\Local\Programs\Python\Python310\lib\site-packages\django\db\models\query.py", line 51, in __iter__
    results = compiler.execute_sql(chunked_fetch=self.chunked_fetch, chunk_size=self.chunk_size)
  File "C:\Users\SOHAM\AppData\Local\Programs\Python\Python310\lib\site-packages\django\db\models\sql\compiler.py", line 1208, in execute_sql
    return list(result)
  File "C:\Users\SOHAM\AppData\Local\Programs\Python\Python310\lib\site-packages\django\db\models\sql\compiler.py", line 1646, in cursor_iter
    for rows in iter((lambda: cursor.fetchmany(itersize)), sentinel):
  File "C:\Users\SOHAM\AppData\Local\Programs\Python\Python310\lib\site-packages\django\db\models\sql\compiler.py", line 1646, in <lambda>
    for rows in iter((lambda: cursor.fetchmany(itersize)), sentinel):
  File "C:\Users\SOHAM\AppData\Local\Programs\Python\Python310\lib\site-packages\django\db\utils.py", line 96, in inner
    with self:
  File "C:\Users\SOHAM\AppData\Local\Programs\Python\Python310\lib\site-packages\django\db\utils.py", line 90, in __exit__
    raise dj_exc_value.with_traceback(traceback) from exc_value
  File "C:\Users\SOHAM\AppData\Local\Programs\Python\Python310\lib\site-packages\django\db\utils.py", line 97, in inner
    return func(*args, **kwargs)
  File "C:\Users\SOHAM\AppData\Local\Programs\Python\Python310\lib\site-packages\djongo\cursor.py", line 75, in fetchmany
    raise db_exe from e
django.db.utils.DatabaseError: 

	Keyword: FAILED SQL: SELECT "django_session"."session_key", "django_session"."session_data", "django_session"."expire_date" FROM "django_session" WHERE ("django_session"."expire_date" > %(0)s AND "django_session"."session_key" = %(1)s) LIMIT 21
Params: (datetime.datetime(2026, 8, 3, 19, 7, 42, 968917), 'ewrxc5ry93cvf42mkrk986by4cf9l12z')
Version: 1.3.6
	Sub SQL: None
	FAILED SQL: None
	Params: None
	Version: None
TRACE:
Traceback (most recent call last):
  File "C:\Users\SOHAM\AppData\Local\Programs\Python\Python310\lib\site-packages\django\contrib\sessions\backends\base.py", line 233, in _get_session
    return self._session_cache
AttributeError: 'SessionStore' object has no attribute '_session_cache'

During handling of the above exception, another exception occurred:

Traceback (most recent call last):
  File "C:\Users\SOHAM\AppData\Local\Programs\Python\Python310\lib\site-packages\djongo\sql2mongo\query.py", line 808, in __iter__
    yield from iter(self._query)
  File "C:\Users\SOHAM\AppData\Local\Programs\Python\Python310\lib\site-packages\djongo\sql2mongo\query.py", line 166, in __iter__
    for doc in cursor:
  File "C:\Users\SOHAM\AppData\Local\Programs\Python\Python310\lib\site-packages\pymongo\synchronous\cursor.py", line 1166, in __next__
    return self.next()
  File "C:\Users\SOHAM\AppData\Local\Programs\Python\Python310\lib\site-packages\pymongo\synchronous\cursor.py", line 1142, in next
    if len(self._data) or self._refresh():
  File "C:\Users\SOHAM\AppData\Local\Programs\Python\Python310\lib\site-packages\pymongo\synchronous\cursor.py", line 1090, in _refresh
    self._send_message(q)
  File "C:\Users\SOHAM\AppData\Local\Programs\Python\Python310\lib\site-packages\pymongo\synchronous\cursor.py", line 985, in _send_message
    response = client._run_operation(
  File "C:\Users\SOHAM\AppData\Local\Programs\Python\Python310\lib\site-packages\pymongo\_csot.py", line 125, in csot_wrapper
    return func(self, *args, **kwargs)
  File "C:\Users\SOHAM\AppData\Local\Programs\Python\Python310\lib\site-packages\pymongo\synchronous\mongo_client.py", line 1956, in _run_operation
    return self._retryable_read(
  File "C:\Users\SOHAM\AppData\Local\Programs\Python\Python310\lib\site-packages\pymongo\synchronous\mongo_client.py", line 2076, in _retryable_read
    return self._retry_internal(
  File "C:\Users\SOHAM\AppData\Local\Programs\Python\Python310\lib\site-packages\pymongo\_csot.py", line 125, in csot_wrapper
    return func(self, *args, **kwargs)
  File "C:\Users\SOHAM\AppData\Local\Programs\Python\Python310\lib\site-packages\pymongo\synchronous\mongo_client.py", line 2038, in _retry_internal
    ).run()
  File "C:\Users\SOHAM\AppData\Local\Programs\Python\Python310\lib\site-packages\pymongo\synchronous\mongo_client.py", line 2811, in run
    res = self._read() if self._is_read else self._write()
  File "C:\Users\SOHAM\AppData\Local\Programs\Python\Python310\lib\site-packages\pymongo\synchronous\mongo_client.py", line 3027, in _read
    self._server = self._get_server()
  File "C:\Users\SOHAM\AppData\Local\Programs\Python\Python310\lib\site-packages\pymongo\synchronous\mongo_client.py", line 2975, in _get_server
    return self._client._select_server(
  File "C:\Users\SOHAM\AppData\Local\Programs\Python\Python310\lib\site-packages\pymongo\synchronous\mongo_client.py", line 1851, in _select_server
    server = topology.select_server(
  File "C:\Users\SOHAM\AppData\Local\Programs\Python\Python310\lib\site-packages\pymongo\synchronous\topology.py", line 428, in select_server
    server = self._select_server(
  File "C:\Users\SOHAM\AppData\Local\Programs\Python\Python310\lib\site-packages\pymongo\synchronous\topology.py", line 402, in _select_server
    servers = self.select_servers(
  File "C:\Users\SOHAM\AppData\Local\Programs\Python\Python310\lib\site-packages\pymongo\synchronous\topology.py", line 298, in select_servers
    server_descriptions = self._select_servers_loop(
  File "C:\Users\SOHAM\AppData\Local\Programs\Python\Python310\lib\site-packages\pymongo\synchronous\topology.py", line 376, in _select_servers_loop
    self._ensure_opened()
  File "C:\Users\SOHAM\AppData\Local\Programs\Python\Python310\lib\site-packages\pymongo\synchronous\topology.py", line 812, in _ensure_opened
    raise InvalidOperation("Cannot use MongoClient after close")
pymongo.errors.InvalidOperation: Cannot use MongoClient after close

The above exception was the direct cause of the following exception:

Traceback (most recent call last):
  File "C:\Users\SOHAM\AppData\Local\Programs\Python\Python310\lib\site-packages\djongo\cursor.py", line 65, in fetchmany
    ret.append(self.result.next())
  File "C:\Users\SOHAM\AppData\Local\Programs\Python\Python310\lib\site-packages\djongo\sql2mongo\query.py", line 797, in __next__
    result = next(self._result_generator)
  File "C:\Users\SOHAM\AppData\Local\Programs\Python\Python310\lib\site-packages\djongo\sql2mongo\query.py", line 830, in __iter__
    raise exe from e
djongo.exceptions.SQLDecodeError: 

	Keyword: FAILED SQL: SELECT "django_session"."session_key", "django_session"."session_data", "django_session"."expire_date" FROM "django_session" WHERE ("django_session"."expire_date" > %(0)s AND "django_session"."session_key" = %(1)s) LIMIT 21
Params: (datetime.datetime(2026, 8, 3, 19, 7, 42, 968917), 'ewrxc5ry93cvf42mkrk986by4cf9l12z')
Version: 1.3.6
	Sub SQL: None
	FAILED SQL: None
	Params: None
	Version: None


During handling of the above exception, another exception occurred:

Traceback (most recent call last):
  File "C:\Users\SOHAM\AppData\Local\Programs\Python\Python310\lib\site-packages\djongo\sql2mongo\query.py", line 808, in __iter__
    yield from iter(self._query)
  File "C:\Users\SOHAM\AppData\Local\Programs\Python\Python310\lib\site-packages\djongo\sql2mongo\query.py", line 166, in __iter__
    for doc in cursor:
  File "C:\Users\SOHAM\AppData\Local\Programs\Python\Python310\lib\site-packages\pymongo\synchronous\cursor.py", line 1166, in __next__
    return self.next()
  File "C:\Users\SOHAM\AppData\Local\Programs\Python\Python310\lib\site-packages\pymongo\synchronous\cursor.py", line 1142, in next
    if len(self._data) or self._refresh():
  File "C:\Users\SOHAM\AppData\Local\Programs\Python\Python310\lib\site-packages\pymongo\synchronous\cursor.py", line 1090, in _refresh
    self._send_message(q)
  File "C:\Users\SOHAM\AppData\Local\Programs\Python\Python310\lib\site-packages\pymongo\synchronous\cursor.py", line 985, in _send_message
    response = client._run_operation(
  File "C:\Users\SOHAM\AppData\Local\Programs\Python\Python310\lib\site-packages\pymongo\_csot.py", line 125, in csot_wrapper
    return func(self, *args, **kwargs)
  File "C:\Users\SOHAM\AppData\Local\Programs\Python\Python310\lib\site-packages\pymongo\synchronous\mongo_client.py", line 1956, in _run_operation
    return self._retryable_read(
  File "C:\Users\SOHAM\AppData\Local\Programs\Python\Python310\lib\site-packages\pymongo\synchronous\mongo_client.py", line 2076, in _retryable_read
    return self._retry_internal(
  File "C:\Users\SOHAM\AppData\Local\Programs\Python\Python310\lib\site-packages\pymongo\_csot.py", line 125, in csot_wrapper
    return func(self, *args, **kwargs)
  File "C:\Users\SOHAM\AppData\Local\Programs\Python\Python310\lib\site-packages\pymongo\synchronous\mongo_client.py", line 2038, in _retry_internal
    ).run()
  File "C:\Users\SOHAM\AppData\Local\Programs\Python\Python310\lib\site-packages\pymongo\synchronous\mongo_client.py", line 2811, in run
    res = self._read() if self._is_read else self._write()
  File "C:\Users\SOHAM\AppData\Local\Programs\Python\Python310\lib\site-packages\pymongo\synchronous\mongo_client.py", line 3027, in _read
    self._server = self._get_server()
  File "C:\Users\SOHAM\AppData\Local\Programs\Python\Python310\lib\site-packages\pymongo\synchronous\mongo_client.py", line 2975, in _get_server
    return self._client._select_server(
  File "C:\Users\SOHAM\AppData\Local\Programs\Python\Python310\lib\site-packages\pymongo\synchronous\mongo_client.py", line 1851, in _select_server
    server = topology.select_server(
  File "C:\Users\SOHAM\AppData\Local\Programs\Python\Python310\lib\site-packages\pymongo\synchronous\topology.py", line 428, in select_server
    server = self._select_server(
  File "C:\Users\SOHAM\AppData\Local\Programs\Python\Python310\lib\site-packages\pymongo\synchronous\topology.py", line 402, in _select_server
    servers = self.select_servers(
  File "C:\Users\SOHAM\AppData\Local\Programs\Python\Python310\lib\site-packages\pymongo\synchronous\topology.py", line 298, in select_servers
    server_descriptions = self._select_servers_loop(
  File "C:\Users\SOHAM\AppData\Local\Programs\Python\Python310\lib\site-packages\pymongo\synchronous\topology.py", line 376, in _select_servers_loop
    self._ensure_opened()
  File "C:\Users\SOHAM\AppData\Local\Programs\Python\Python310\lib\site-packages\pymongo\synchronous\topology.py", line 812, in _ensure_opened
    raise InvalidOperation("Cannot use MongoClient after close")
pymongo.errors.InvalidOperation: Cannot use MongoClient after close

The above exception was the direct cause of the following exception:

Traceback (most recent call last):
  File "C:\Users\SOHAM\AppData\Local\Programs\Python\Python310\lib\site-packages\djongo\cursor.py", line 65, in fetchmany
    ret.append(self.result.next())
  File "C:\Users\SOHAM\AppData\Local\Programs\Python\Python310\lib\site-packages\djongo\sql2mongo\query.py", line 797, in __next__
    result = next(self._result_generator)
  File "C:\Users\SOHAM\AppData\Local\Programs\Python\Python310\lib\site-packages\djongo\sql2mongo\query.py", line 830, in __iter__
    raise exe from e
djongo.exceptions.SQLDecodeError: 

	Keyword: FAILED SQL: SELECT "django_session"."session_key", "django_session"."session_data", "django_session"."expire_date" FROM "django_session" WHERE ("django_session"."expire_date" > %(0)s AND "django_session"."session_key" = %(1)s) LIMIT 21
Params: (datetime.datetime(2026, 8, 3, 19, 7, 42, 968917), 'ewrxc5ry93cvf42mkrk986by4cf9l12z')
Version: 1.3.6
	Sub SQL: None
	FAILED SQL: None
	Params: None
	Version: None

-----------------
Traceback (most recent call last):
  File "C:\Users\SOHAM\AppData\Local\Programs\Python\Python310\lib\site-packages\django\contrib\sessions\backends\base.py", line 233, in _get_session
    return self._session_cache
AttributeError: 'SessionStore' object has no attribute '_session_cache'

During handling of the above exception, another exception occurred:

Traceback (most recent call last):
  File "C:\Users\SOHAM\AppData\Local\Programs\Python\Python310\lib\site-packages\djongo\sql2mongo\query.py", line 808, in __iter__
    yield from iter(self._query)
  File "C:\Users\SOHAM\AppData\Local\Programs\Python\Python310\lib\site-packages\djongo\sql2mongo\query.py", line 166, in __iter__
    for doc in cursor:
  File "C:\Users\SOHAM\AppData\Local\Programs\Python\Python310\lib\site-packages\pymongo\synchronous\cursor.py", line 1166, in __next__
    return self.next()
  File "C:\Users\SOHAM\AppData\Local\Programs\Python\Python310\lib\site-packages\pymongo\synchronous\cursor.py", line 1142, in next
    if len(self._data) or self._refresh():
  File "C:\Users\SOHAM\AppData\Local\Programs\Python\Python310\lib\site-packages\pymongo\synchronous\cursor.py", line 1090, in _refresh
    self._send_message(q)
  File "C:\Users\SOHAM\AppData\Local\Programs\Python\Python310\lib\site-packages\pymongo\synchronous\cursor.py", line 985, in _send_message
    response = client._run_operation(
  File "C:\Users\SOHAM\AppData\Local\Programs\Python\Python310\lib\site-packages\pymongo\_csot.py", line 125, in csot_wrapper
    return func(self, *args, **kwargs)
  File "C:\Users\SOHAM\AppData\Local\Programs\Python\Python310\lib\site-packages\pymongo\synchronous\mongo_client.py", line 1956, in _run_operation
    return self._retryable_read(
  File "C:\Users\SOHAM\AppData\Local\Programs\Python\Python310\lib\site-packages\pymongo\synchronous\mongo_client.py", line 2076, in _retryable_read
    return self._retry_internal(
  File "C:\Users\SOHAM\AppData\Local\Programs\Python\Python310\lib\site-packages\pymongo\_csot.py", line 125, in csot_wrapper
    return func(self, *args, **kwargs)
  File "C:\Users\SOHAM\AppData\Local\Programs\Python\Python310\lib\site-packages\pymongo\synchronous\mongo_client.py", line 2038, in _retry_internal
    ).run()
  File "C:\Users\SOHAM\AppData\Local\Programs\Python\Python310\lib\site-packages\pymongo\synchronous\mongo_client.py", line 2811, in run
    res = self._read() if self._is_read else self._write()
  File "C:\Users\SOHAM\AppData\Local\Programs\Python\Python310\lib\site-packages\pymongo\synchronous\mongo_client.py", line 3027, in _read
    self._server = self._get_server()
  File "C:\Users\SOHAM\AppData\Local\Programs\Python\Python310\lib\site-packages\pymongo\synchronous\mongo_client.py", line 2975, in _get_server
    return self._client._select_server(
  File "C:\Users\SOHAM\AppData\Local\Programs\Python\Python310\lib\site-packages\pymongo\synchronous\mongo_client.py", line 1851, in _select_server
    server = topology.select_server(
  File "C:\Users\SOHAM\AppData\Local\Programs\Python\Python310\lib\site-packages\pymongo\synchronous\topology.py", line 428, in select_server
    server = self._select_server(
  File "C:\Users\SOHAM\AppData\Local\Programs\Python\Python310\lib\site-packages\pymongo\synchronous\topology.py", line 402, in _select_server
    servers = self.select_servers(
  File "C:\Users\SOHAM\AppData\Local\Programs\Python\Python310\lib\site-packages\pymongo\synchronous\topology.py", line 298, in select_servers
    server_descriptions = self._select_servers_loop(
  File "C:\Users\SOHAM\AppData\Local\Programs\Python\Python310\lib\site-packages\pymongo\synchronous\topology.py", line 376, in _select_servers_loop
    self._ensure_opened()
  File "C:\Users\SOHAM\AppData\Local\Programs\Python\Python310\lib\site-packages\pymongo\synchronous\topology.py", line 812, in _ensure_opened
    raise InvalidOperation("Cannot use MongoClient after close")
pymongo.errors.InvalidOperation: Cannot use MongoClient after close

The above exception was the direct cause of the following exception:

Traceback (most recent call last):
  File "C:\Users\SOHAM\AppData\Local\Programs\Python\Python310\lib\site-packages\djongo\cursor.py", line 65, in fetchmany
    ret.append(self.result.next())
  File "C:\Users\SOHAM\AppData\Local\Programs\Python\Python310\lib\site-packages\djongo\sql2mongo\query.py", line 797, in __next__
    result = next(self._result_generator)
  File "C:\Users\SOHAM\AppData\Local\Programs\Python\Python310\lib\site-packages\djongo\sql2mongo\query.py", line 830, in __iter__
    raise exe from e
djongo.exceptions.SQLDecodeError: 

	Keyword: FAILED SQL: SELECT "django_session"."session_key", "django_session"."session_data", "django_session"."expire_date" FROM "django_session" WHERE ("django_session"."expire_date" > %(0)s AND "django_session"."session_key" = %(1)s) LIMIT 21
Params: (datetime.datetime(2026, 8, 3, 19, 7, 42, 968917), 'ewrxc5ry93cvf42mkrk986by4cf9l12z')
Version: 1.3.6
	Sub SQL: None
	FAILED SQL: None
	Params: None
	Version: None

The above exception was the direct cause of the following exception:

Traceback (most recent call last):
  File "C:\Users\SOHAM\AppData\Local\Programs\Python\Python310\lib\site-packages\django\db\utils.py", line 97, in inner
    return func(*args, **kwargs)
  File "C:\Users\SOHAM\AppData\Local\Programs\Python\Python310\lib\site-packages\djongo\cursor.py", line 75, in fetchmany
    raise db_exe from e
djongo.database.DatabaseError: 

	Keyword: FAILED SQL: SELECT "django_session"."session_key", "django_session"."session_data", "django_session"."expire_date" FROM "django_session" WHERE ("django_session"."expire_date" > %(0)s AND "django_session"."session_key" = %(1)s) LIMIT 21
Params: (datetime.datetime(2026, 8, 3, 19, 7, 42, 968917), 'ewrxc5ry93cvf42mkrk986by4cf9l12z')
Version: 1.3.6
	Sub SQL: None
	FAILED SQL: None
	Params: None
	Version: None
TRACE:
Traceback (most recent call last):
  File "C:\Users\SOHAM\AppData\Local\Programs\Python\Python310\lib\site-packages\django\contrib\sessions\backends\base.py", line 233, in _get_session
    return self._session_cache
AttributeError: 'SessionStore' object has no attribute '_session_cache'

During handling of the above exception, another exception occurred:

Traceback (most recent call last):
  File "C:\Users\SOHAM\AppData\Local\Programs\Python\Python310\lib\site-packages\djongo\sql2mongo\query.py", line 808, in __iter__
    yield from iter(self._query)
  File "C:\Users\SOHAM\AppData\Local\Programs\Python\Python310\lib\site-packages\djongo\sql2mongo\query.py", line 166, in __iter__
    for doc in cursor:
  File "C:\Users\SOHAM\AppData\Local\Programs\Python\Python310\lib\site-packages\pymongo\synchronous\cursor.py", line 1166, in __next__
    return self.next()
  File "C:\Users\SOHAM\AppData\Local\Programs\Python\Python310\lib\site-packages\pymongo\synchronous\cursor.py", line 1142, in next
    if len(self._data) or self._refresh():
  File "C:\Users\SOHAM\AppData\Local\Programs\Python\Python310\lib\site-packages\pymongo\synchronous\cursor.py", line 1090, in _refresh
    self._send_message(q)
  File "C:\Users\SOHAM\AppData\Local\Programs\Python\Python310\lib\site-packages\pymongo\synchronous\cursor.py", line 985, in _send_message
    response = client._run_operation(
  File "C:\Users\SOHAM\AppData\Local\Programs\Python\Python310\lib\site-packages\pymongo\_csot.py", line 125, in csot_wrapper
    return func(self, *args, **kwargs)
  File "C:\Users\SOHAM\AppData\Local\Programs\Python\Python310\lib\site-packages\pymongo\synchronous\mongo_client.py", line 1956, in _run_operation
    return self._retryable_read(
  File "C:\Users\SOHAM\AppData\Local\Programs\Python\Python310\lib\site-packages\pymongo\synchronous\mongo_client.py", line 2076, in _retryable_read
    return self._retry_internal(
  File "C:\Users\SOHAM\AppData\Local\Programs\Python\Python310\lib\site-packages\pymongo\_csot.py", line 125, in csot_wrapper
    return func(self, *args, **kwargs)
  File "C:\Users\SOHAM\AppData\Local\Programs\Python\Python310\lib\site-packages\pymongo\synchronous\mongo_client.py", line 2038, in _retry_internal
    ).run()
  File "C:\Users\SOHAM\AppData\Local\Programs\Python\Python310\lib\site-packages\pymongo\synchronous\mongo_client.py", line 2811, in run
    res = self._read() if self._is_read else self._write()
  File "C:\Users\SOHAM\AppData\Local\Programs\Python\Python310\lib\site-packages\pymongo\synchronous\mongo_client.py", line 3027, in _read
    self._server = self._get_server()
  File "C:\Users\SOHAM\AppData\Local\Programs\Python\Python310\lib\site-packages\pymongo\synchronous\mongo_client.py", line 2975, in _get_server
    return self._client._select_server(
  File "C:\Users\SOHAM\AppData\Local\Programs\Python\Python310\lib\site-packages\pymongo\synchronous\mongo_client.py", line 1851, in _select_server
    server = topology.select_server(
  File "C:\Users\SOHAM\AppData\Local\Programs\Python\Python310\lib\site-packages\pymongo\synchronous\topology.py", line 428, in select_server
    server = self._select_server(
  File "C:\Users\SOHAM\AppData\Local\Programs\Python\Python310\lib\site-packages\pymongo\synchronous\topology.py", line 402, in _select_server
    servers = self.select_servers(
  File "C:\Users\SOHAM\AppData\Local\Programs\Python\Python310\lib\site-packages\pymongo\synchronous\topology.py", line 298, in select_servers
    server_descriptions = self._select_servers_loop(
  File "C:\Users\SOHAM\AppData\Local\Programs\Python\Python310\lib\site-packages\pymongo\synchronous\topology.py", line 376, in _select_servers_loop
    self._ensure_opened()
  File "C:\Users\SOHAM\AppData\Local\Programs\Python\Python310\lib\site-packages\pymongo\synchronous\topology.py", line 812, in _ensure_opened
    raise InvalidOperation("Cannot use MongoClient after close")
pymongo.errors.InvalidOperation: Cannot use MongoClient after close

The above exception was the direct cause of the following exception:

Traceback (most recent call last):
  File "C:\Users\SOHAM\AppData\Local\Programs\Python\Python310\lib\site-packages\djongo\cursor.py", line 65, in fetchmany
    ret.append(self.result.next())
  File "C:\Users\SOHAM\AppData\Local\Programs\Python\Python310\lib\site-packages\djongo\sql2mongo\query.py", line 797, in __next__
    result = next(self._result_generator)
  File "C:\Users\SOHAM\AppData\Local\Programs\Python\Python310\lib\site-packages\djongo\sql2mongo\query.py", line 830, in __iter__
    raise exe from e
djongo.exceptions.SQLDecodeError: 

	Keyword: FAILED SQL: SELECT "django_session"."session_key", "django_session"."session_data", "django_session"."expire_date" FROM "django_session" WHERE ("django_session"."expire_date" > %(0)s AND "django_session"."session_key" = %(1)s) LIMIT 21
Params: (datetime.datetime(2026, 8, 3, 19, 7, 42, 968917), 'ewrxc5ry93cvf42mkrk986by4cf9l12z')
Version: 1.3.6
	Sub SQL: None
	FAILED SQL: None
	Params: None
	Version: None


The above exception was the direct cause of the following exception:

Traceback (most recent call last):
  File "C:\Users\SOHAM\AppData\Local\Programs\Python\Python310\lib\site-packages\django\core\handlers\exception.py", line 47, in inner
    response = get_response(request)
  File "C:\Users\SOHAM\AppData\Local\Programs\Python\Python310\lib\site-packages\django\core\handlers\base.py", line 181, in _get_response
    response = wrapped_callback(request, *callback_args, **callback_kwargs)
  File "C:\Users\SOHAM\AppData\Local\Programs\Python\Python310\lib\site-packages\django\contrib\admin\sites.py", line 250, in wrapper
    return self.admin_view(view, cacheable)(*args, **kwargs)
  File "C:\Users\SOHAM\AppData\Local\Programs\Python\Python310\lib\site-packages\django\utils\decorators.py", line 130, in _wrapped_view
    response = view_func(request, *args, **kwargs)
  File "C:\Users\SOHAM\AppData\Local\Programs\Python\Python310\lib\site-packages\django\views\decorators\cache.py", line 44, in _wrapped_view_func
    response = view_func(request, *args, **kwargs)
  File "C:\Users\SOHAM\AppData\Local\Programs\Python\Python310\lib\site-packages\django\contrib\admin\sites.py", line 221, in inner
    if not self.has_permission(request):
  File "C:\Users\SOHAM\AppData\Local\Programs\Python\Python310\lib\site-packages\django\contrib\admin\sites.py", line 195, in has_permission
    return request.user.is_active and request.user.is_staff
  File "C:\Users\SOHAM\AppData\Local\Programs\Python\Python310\lib\site-packages\django\utils\functional.py", line 246, in inner
    self._setup()
  File "C:\Users\SOHAM\AppData\Local\Programs\Python\Python310\lib\site-packages\django\utils\functional.py", line 382, in _setup
    self._wrapped = self._setupfunc()
  File "C:\Users\SOHAM\AppData\Local\Programs\Python\Python310\lib\site-packages\django\contrib\auth\middleware.py", line 23, in <lambda>
    request.user = SimpleLazyObject(lambda: get_user(request))
  File "C:\Users\SOHAM\AppData\Local\Programs\Python\Python310\lib\site-packages\django\contrib\auth\middleware.py", line 11, in get_user
    request._cached_user = auth.get_user(request)
  File "C:\Users\SOHAM\AppData\Local\Programs\Python\Python310\lib\site-packages\django\contrib\auth\__init__.py", line 177, in get_user
    user_id = _get_user_session_key(request)
  File "C:\Users\SOHAM\AppData\Local\Programs\Python\Python310\lib\site-packages\django\contrib\auth\__init__.py", line 60, in _get_user_session_key
    return get_user_model()._meta.pk.to_python(request.session[SESSION_KEY])
  File "C:\Users\SOHAM\AppData\Local\Programs\Python\Python310\lib\site-packages\django\contrib\sessions\backends\base.py", line 65, in __getitem__
    return self._session[key]
  File "C:\Users\SOHAM\AppData\Local\Programs\Python\Python310\lib\site-packages\django\contrib\sessions\backends\base.py", line 238, in _get_session
    self._session_cache = self.load()
  File "C:\Users\SOHAM\AppData\Local\Programs\Python\Python310\lib\site-packages\django\contrib\sessions\backends\db.py", line 43, in load
    s = self._get_session_from_db()
  File "C:\Users\SOHAM\AppData\Local\Programs\Python\Python310\lib\site-packages\django\contrib\sessions\backends\db.py", line 32, in _get_session_from_db
    return self.model.objects.get(
  File "C:\Users\SOHAM\AppData\Local\Programs\Python\Python310\lib\site-packages\django\db\models\manager.py", line 85, in manager_method
    return getattr(self.get_queryset(), name)(*args, **kwargs)
  File "C:\Users\SOHAM\AppData\Local\Programs\Python\Python310\lib\site-packages\django\db\models\query.py", line 431, in get
    num = len(clone)
  File "C:\Users\SOHAM\AppData\Local\Programs\Python\Python310\lib\site-packages\django\db\models\query.py", line 262, in __len__
    self._fetch_all()
  File "C:\Users\SOHAM\AppData\Local\Programs\Python\Python310\lib\site-packages\django\db\models\query.py", line 1324, in _fetch_all
    self._result_cache = list(self._iterable_class(self))
  File "C:\Users\SOHAM\AppData\Local\Programs\Python\Python310\lib\site-packages\django\db\models\query.py", line 51, in __iter__
    results = compiler.execute_sql(chunked_fetch=self.chunked_fetch, chunk_size=self.chunk_size)
  File "C:\Users\SOHAM\AppData\Local\Programs\Python\Python310\lib\site-packages\django\db\models\sql\compiler.py", line 1208, in execute_sql
    return list(result)
  File "C:\Users\SOHAM\AppData\Local\Programs\Python\Python310\lib\site-packages\django\db\models\sql\compiler.py", line 1646, in cursor_iter
    for rows in iter((lambda: cursor.fetchmany(itersize)), sentinel):
  File "C:\Users\SOHAM\AppData\Local\Programs\Python\Python310\lib\site-packages\django\db\models\sql\compiler.py", line 1646, in <lambda>
    for rows in iter((lambda: cursor.fetchmany(itersize)), sentinel):
  File "C:\Users\SOHAM\AppData\Local\Programs\Python\Python310\lib\site-packages\django\db\utils.py", line 96, in inner
    with self:
  File "C:\Users\SOHAM\AppData\Local\Programs\Python\Python310\lib\site-packages\django\db\utils.py", line 90, in __exit__
    raise dj_exc_value.with_traceback(traceback) from exc_value
  File "C:\Users\SOHAM\AppData\Local\Programs\Python\Python310\lib\site-packages\django\db\utils.py", line 97, in inner
    return func(*args, **kwargs)
  File "C:\Users\SOHAM\AppData\Local\Programs\Python\Python310\lib\site-packages\djongo\cursor.py", line 75, in fetchmany
    raise db_exe from e
django.db.utils.DatabaseError: 

	Keyword: FAILED SQL: SELECT "django_session"."session_key", "django_session"."session_data", "django_session"."expire_date" FROM "django_session" WHERE ("django_session"."expire_date" > %(0)s AND "django_session"."session_key" = %(1)s) LIMIT 21
Params: (datetime.datetime(2026, 8, 3, 19, 7, 42, 968917), 'ewrxc5ry93cvf42mkrk986by4cf9l12z')
Version: 1.3.6
	Sub SQL: None
	FAILED SQL: None
	Params: None
	Version: None
TRACE:
Traceback (most recent call last):
  File "C:\Users\SOHAM\AppData\Local\Programs\Python\Python310\lib\site-packages\django\contrib\sessions\backends\base.py", line 233, in _get_session
    return self._session_cache
AttributeError: 'SessionStore' object has no attribute '_session_cache'

During handling of the above exception, another exception occurred:

Traceback (most recent call last):
  File "C:\Users\SOHAM\AppData\Local\Programs\Python\Python310\lib\site-packages\djongo\sql2mongo\query.py", line 808, in __iter__
    yield from iter(self._query)
  File "C:\Users\SOHAM\AppData\Local\Programs\Python\Python310\lib\site-packages\djongo\sql2mongo\query.py", line 166, in __iter__
    for doc in cursor:
  File "C:\Users\SOHAM\AppData\Local\Programs\Python\Python310\lib\site-packages\pymongo\synchronous\cursor.py", line 1166, in __next__
    return self.next()
  File "C:\Users\SOHAM\AppData\Local\Programs\Python\Python310\lib\site-packages\pymongo\synchronous\cursor.py", line 1142, in next
    if len(self._data) or self._refresh():
  File "C:\Users\SOHAM\AppData\Local\Programs\Python\Python310\lib\site-packages\pymongo\synchronous\cursor.py", line 1090, in _refresh
    self._send_message(q)
  File "C:\Users\SOHAM\AppData\Local\Programs\Python\Python310\lib\site-packages\pymongo\synchronous\cursor.py", line 985, in _send_message
    response = client._run_operation(
  File "C:\Users\SOHAM\AppData\Local\Programs\Python\Python310\lib\site-packages\pymongo\_csot.py", line 125, in csot_wrapper
    return func(self, *args, **kwargs)
  File "C:\Users\SOHAM\AppData\Local\Programs\Python\Python310\lib\site-packages\pymongo\synchronous\mongo_client.py", line 1956, in _run_operation
    return self._retryable_read(
  File "C:\Users\SOHAM\AppData\Local\Programs\Python\Python310\lib\site-packages\pymongo\synchronous\mongo_client.py", line 2076, in _retryable_read
    return self._retry_internal(
  File "C:\Users\SOHAM\AppData\Local\Programs\Python\Python310\lib\site-packages\pymongo\_csot.py", line 125, in csot_wrapper
    return func(self, *args, **kwargs)
  File "C:\Users\SOHAM\AppData\Local\Programs\Python\Python310\lib\site-packages\pymongo\synchronous\mongo_client.py", line 2038, in _retry_internal
    ).run()
  File "C:\Users\SOHAM\AppData\Local\Programs\Python\Python310\lib\site-packages\pymongo\synchronous\mongo_client.py", line 2811, in run
    res = self._read() if self._is_read else self._write()
  File "C:\Users\SOHAM\AppData\Local\Programs\Python\Python310\lib\site-packages\pymongo\synchronous\mongo_client.py", line 3027, in _read
    self._server = self._get_server()
  File "C:\Users\SOHAM\AppData\Local\Programs\Python\Python310\lib\site-packages\pymongo\synchronous\mongo_client.py", line 2975, in _get_server
    return self._client._select_server(
  File "C:\Users\SOHAM\AppData\Local\Programs\Python\Python310\lib\site-packages\pymongo\synchronous\mongo_client.py", line 1851, in _select_server
    server = topology.select_server(
  File "C:\Users\SOHAM\AppData\Local\Programs\Python\Python310\lib\site-packages\pymongo\synchronous\topology.py", line 428, in select_server
    server = self._select_server(
  File "C:\Users\SOHAM\AppData\Local\Programs\Python\Python310\lib\site-packages\pymongo\synchronous\topology.py", line 402, in _select_server
    servers = self.select_servers(
  File "C:\Users\SOHAM\AppData\Local\Programs\Python\Python310\lib\site-packages\pymongo\synchronous\topology.py", line 298, in select_servers
    server_descriptions = self._select_servers_loop(
  File "C:\Users\SOHAM\AppData\Local\Programs\Python\Python310\lib\site-packages\pymongo\synchronous\topology.py", line 376, in _select_servers_loop
    self._ensure_opened()
  File "C:\Users\SOHAM\AppData\Local\Programs\Python\Python310\lib\site-packages\pymongo\synchronous\topology.py", line 812, in _ensure_opened
    raise InvalidOperation("Cannot use MongoClient after close")
pymongo.errors.InvalidOperation: Cannot use MongoClient after close

The above exception was the direct cause of the following exception:

Traceback (most recent call last):
  File "C:\Users\SOHAM\AppData\Local\Programs\Python\Python310\lib\site-packages\djongo\cursor.py", line 65, in fetchmany
    ret.append(self.result.next())
  File "C:\Users\SOHAM\AppData\Local\Programs\Python\Python310\lib\site-packages\djongo\sql2mongo\query.py", line 797, in __next__
    result = next(self._result_generator)
  File "C:\Users\SOHAM\AppData\Local\Programs\Python\Python310\lib\site-packages\djongo\sql2mongo\query.py", line 830, in __iter__
    raise exe from e
djongo.exceptions.SQLDecodeError: 

	Keyword: FAILED SQL: SELECT "django_session"."session_key", "django_session"."session_data", "django_session"."expire_date" FROM "django_session" WHERE ("django_session"."expire_date" > %(0)s AND "django_session"."session_key" = %(1)s) LIMIT 21
Params: (datetime.datetime(2026, 8, 3, 19, 7, 42, 968917), 'ewrxc5ry93cvf42mkrk986by4cf9l12z')
Version: 1.3.6
	Sub SQL: None
	FAILED SQL: None
	Params: None
	Version: None


During handling of the above exception, another exception occurred:

Traceback (most recent call last):
  File "C:\Users\SOHAM\AppData\Local\Programs\Python\Python310\lib\site-packages\djongo\sql2mongo\query.py", line 808, in __iter__
    yield from iter(self._query)
  File "C:\Users\SOHAM\AppData\Local\Programs\Python\Python310\lib\site-packages\djongo\sql2mongo\query.py", line 166, in __iter__
    for doc in cursor:
  File "C:\Users\SOHAM\AppData\Local\Programs\Python\Python310\lib\site-packages\pymongo\synchronous\cursor.py", line 1166, in __next__
    return self.next()
  File "C:\Users\SOHAM\AppData\Local\Programs\Python\Python310\lib\site-packages\pymongo\synchronous\cursor.py", line 1142, in next
    if len(self._data) or self._refresh():
  File "C:\Users\SOHAM\AppData\Local\Programs\Python\Python310\lib\site-packages\pymongo\synchronous\cursor.py", line 1090, in _refresh
    self._send_message(q)
  File "C:\Users\SOHAM\AppData\Local\Programs\Python\Python310\lib\site-packages\pymongo\synchronous\cursor.py", line 985, in _send_message
    response = client._run_operation(
  File "C:\Users\SOHAM\AppData\Local\Programs\Python\Python310\lib\site-packages\pymongo\_csot.py", line 125, in csot_wrapper
    return func(self, *args, **kwargs)
  File "C:\Users\SOHAM\AppData\Local\Programs\Python\Python310\lib\site-packages\pymongo\synchronous\mongo_client.py", line 1956, in _run_operation
    return self._retryable_read(
  File "C:\Users\SOHAM\AppData\Local\Programs\Python\Python310\lib\site-packages\pymongo\synchronous\mongo_client.py", line 2076, in _retryable_read
    return self._retry_internal(
  File "C:\Users\SOHAM\AppData\Local\Programs\Python\Python310\lib\site-packages\pymongo\_csot.py", line 125, in csot_wrapper
    return func(self, *args, **kwargs)
  File "C:\Users\SOHAM\AppData\Local\Programs\Python\Python310\lib\site-packages\pymongo\synchronous\mongo_client.py", line 2038, in _retry_internal
    ).run()
  File "C:\Users\SOHAM\AppData\Local\Programs\Python\Python310\lib\site-packages\pymongo\synchronous\mongo_client.py", line 2811, in run
    res = self._read() if self._is_read else self._write()
  File "C:\Users\SOHAM\AppData\Local\Programs\Python\Python310\lib\site-packages\pymongo\synchronous\mongo_client.py", line 3027, in _read
    self._server = self._get_server()
  File "C:\Users\SOHAM\AppData\Local\Programs\Python\Python310\lib\site-packages\pymongo\synchronous\mongo_client.py", line 2975, in _get_server
    return self._client._select_server(
  File "C:\Users\SOHAM\AppData\Local\Programs\Python\Python310\lib\site-packages\pymongo\synchronous\mongo_client.py", line 1851, in _select_server
    server = topology.select_server(
  File "C:\Users\SOHAM\AppData\Local\Programs\Python\Python310\lib\site-packages\pymongo\synchronous\topology.py", line 428, in select_server
    server = self._select_server(
  File "C:\Users\SOHAM\AppData\Local\Programs\Python\Python310\lib\site-packages\pymongo\synchronous\topology.py", line 402, in _select_server
    servers = self.select_servers(
  File "C:\Users\SOHAM\AppData\Local\Programs\Python\Python310\lib\site-packages\pymongo\synchronous\topology.py", line 298, in select_servers
    server_descriptions = self._select_servers_loop(
  File "C:\Users\SOHAM\AppData\Local\Programs\Python\Python310\lib\site-packages\pymongo\synchronous\topology.py", line 376, in _select_servers_loop
    self._ensure_opened()
  File "C:\Users\SOHAM\AppData\Local\Programs\Python\Python310\lib\site-packages\pymongo\synchronous\topology.py", line 812, in _ensure_opened
    raise InvalidOperation("Cannot use MongoClient after close")
pymongo.errors.InvalidOperation: Cannot use MongoClient after close

The above exception was the direct cause of the following exception:

Traceback (most recent call last):
  File "C:\Users\SOHAM\AppData\Local\Programs\Python\Python310\lib\site-packages\djongo\cursor.py", line 65, in fetchmany
    ret.append(self.result.next())
  File "C:\Users\SOHAM\AppData\Local\Programs\Python\Python310\lib\site-packages\djongo\sql2mongo\query.py", line 797, in __next__
    result = next(self._result_generator)
  File "C:\Users\SOHAM\AppData\Local\Programs\Python\Python310\lib\site-packages\djongo\sql2mongo\query.py", line 830, in __iter__
    raise exe from e
djongo.exceptions.SQLDecodeError: 

	Keyword: FAILED SQL: SELECT "django_session"."session_key", "django_session"."session_data", "django_session"."expire_date" FROM "django_session" WHERE ("django_session"."expire_date" > %(0)s AND "django_session"."session_key" = %(1)s) LIMIT 21
Params: (datetime.datetime(2026, 8, 3, 19, 7, 42, 968917), 'ewrxc5ry93cvf42mkrk986by4cf9l12z')
Version: 1.3.6
	Sub SQL: None
	FAILED SQL: None
	Params: None
	Version: None

-----------------
Traceback (most recent call last):
  File "C:\Users\SOHAM\AppData\Local\Programs\Python\Python310\lib\site-packages\django\contrib\sessions\backends\base.py", line 233, in _get_session
    return self._session_cache
AttributeError: 'SessionStore' object has no attribute '_session_cache'

During handling of the above exception, another exception occurred:

Traceback (most recent call last):
  File "C:\Users\SOHAM\AppData\Local\Programs\Python\Python310\lib\site-packages\djongo\sql2mongo\query.py", line 808, in __iter__
    yield from iter(self._query)
  File "C:\Users\SOHAM\AppData\Local\Programs\Python\Python310\lib\site-packages\djongo\sql2mongo\query.py", line 166, in __iter__
    for doc in cursor:
  File "C:\Users\SOHAM\AppData\Local\Programs\Python\Python310\lib\site-packages\pymongo\synchronous\cursor.py", line 1166, in __next__
    return self.next()
  File "C:\Users\SOHAM\AppData\Local\Programs\Python\Python310\lib\site-packages\pymongo\synchronous\cursor.py", line 1142, in next
    if len(self._data) or self._refresh():
  File "C:\Users\SOHAM\AppData\Local\Programs\Python\Python310\lib\site-packages\pymongo\synchronous\cursor.py", line 1090, in _refresh
    self._send_message(q)
  File "C:\Users\SOHAM\AppData\Local\Programs\Python\Python310\lib\site-packages\pymongo\synchronous\cursor.py", line 985, in _send_message
    response = client._run_operation(
  File "C:\Users\SOHAM\AppData\Local\Programs\Python\Python310\lib\site-packages\pymongo\_csot.py", line 125, in csot_wrapper
    return func(self, *args, **kwargs)
  File "C:\Users\SOHAM\AppData\Local\Programs\Python\Python310\lib\site-packages\pymongo\synchronous\mongo_client.py", line 1956, in _run_operation
    return self._retryable_read(
  File "C:\Users\SOHAM\AppData\Local\Programs\Python\Python310\lib\site-packages\pymongo\synchronous\mongo_client.py", line 2076, in _retryable_read
    return self._retry_internal(
  File "C:\Users\SOHAM\AppData\Local\Programs\Python\Python310\lib\site-packages\pymongo\_csot.py", line 125, in csot_wrapper
    return func(self, *args, **kwargs)
  File "C:\Users\SOHAM\AppData\Local\Programs\Python\Python310\lib\site-packages\pymongo\synchronous\mongo_client.py", line 2038, in _retry_internal
    ).run()
  File "C:\Users\SOHAM\AppData\Local\Programs\Python\Python310\lib\site-packages\pymongo\synchronous\mongo_client.py", line 2811, in run
    res = self._read() if self._is_read else self._write()
  File "C:\Users\SOHAM\AppData\Local\Programs\Python\Python310\lib\site-packages\pymongo\synchronous\mongo_client.py", line 3027, in _read
    self._server = self._get_server()
  File "C:\Users\SOHAM\AppData\Local\Programs\Python\Python310\lib\site-packages\pymongo\synchronous\mongo_client.py", line 2975, in _get_server
    return self._client._select_server(
  File "C:\Users\SOHAM\AppData\Local\Programs\Python\Python310\lib\site-packages\pymongo\synchronous\mongo_client.py", line 1851, in _select_server
    server = topology.select_server(
  File "C:\Users\SOHAM\AppData\Local\Programs\Python\Python310\lib\site-packages\pymongo\synchronous\topology.py", line 428, in select_server
    server = self._select_server(
  File "C:\Users\SOHAM\AppData\Local\Programs\Python\Python310\lib\site-packages\pymongo\synchronous\topology.py", line 402, in _select_server
    servers = self.select_servers(
  File "C:\Users\SOHAM\AppData\Local\Programs\Python\Python310\lib\site-packages\pymongo\synchronous\topology.py", line 298, in select_servers
    server_descriptions = self._select_servers_loop(
  File "C:\Users\SOHAM\AppData\Local\Programs\Python\Python310\lib\site-packages\pymongo\synchronous\topology.py", line 376, in _select_servers_loop
    self._ensure_opened()
  File "C:\Users\SOHAM\AppData\Local\Programs\Python\Python310\lib\site-packages\pymongo\synchronous\topology.py", line 812, in _ensure_opened
    raise InvalidOperation("Cannot use MongoClient after close")
pymongo.errors.InvalidOperation: Cannot use MongoClient after close

The above exception was the direct cause of the following exception:

Traceback (most recent call last):
  File "C:\Users\SOHAM\AppData\Local\Programs\Python\Python310\lib\site-packages\djongo\cursor.py", line 65, in fetchmany
    ret.append(self.result.next())
  File "C:\Users\SOHAM\AppData\Local\Programs\Python\Python310\lib\site-packages\djongo\sql2mongo\query.py", line 797, in __next__
    result = next(self._result_generator)
  File "C:\Users\SOHAM\AppData\Local\Programs\Python\Python310\lib\site-packages\djongo\sql2mongo\query.py", line 830, in __iter__
    raise exe from e
djongo.exceptions.SQLDecodeError: 

	Keyword: FAILED SQL: SELECT "django_session"."session_key", "django_session"."session_data", "django_session"."expire_date" FROM "django_session" WHERE ("django_session"."expire_date" > %(0)s AND "django_session"."session_key" = %(1)s) LIMIT 21
Params: (datetime.datetime(2026, 8, 3, 19, 7, 42, 968917), 'ewrxc5ry93cvf42mkrk986by4cf9l12z')
Version: 1.3.6
	Sub SQL: None
	FAILED SQL: None
	Params: None
	Version: None

The above exception was the direct cause of the following exception:

Traceback (most recent call last):
  File "C:\Users\SOHAM\AppData\Local\Programs\Python\Python310\lib\site-packages\django\db\utils.py", line 97, in inner
    return func(*args, **kwargs)
  File "C:\Users\SOHAM\AppData\Local\Programs\Python\Python310\lib\site-packages\djongo\cursor.py", line 75, in fetchmany
    raise db_exe from e
djongo.database.DatabaseError: 

	Keyword: FAILED SQL: SELECT "django_session"."session_key", "django_session"."session_data", "django_session"."expire_date" FROM "django_session" WHERE ("django_session"."expire_date" > %(0)s AND "django_session"."session_key" = %(1)s) LIMIT 21
Params: (datetime.datetime(2026, 8, 3, 19, 7, 42, 968917), 'ewrxc5ry93cvf42mkrk986by4cf9l12z')
Version: 1.3.6
	Sub SQL: None
	FAILED SQL: None
	Params: None
	Version: None
TRACE:
Traceback (most recent call last):
  File "C:\Users\SOHAM\AppData\Local\Programs\Python\Python310\lib\site-packages\django\contrib\sessions\backends\base.py", line 233, in _get_session
    return self._session_cache
AttributeError: 'SessionStore' object has no attribute '_session_cache'

During handling of the above exception, another exception occurred:

Traceback (most recent call last):
  File "C:\Users\SOHAM\AppData\Local\Programs\Python\Python310\lib\site-packages\djongo\sql2mongo\query.py", line 808, in __iter__
    yield from iter(self._query)
  File "C:\Users\SOHAM\AppData\Local\Programs\Python\Python310\lib\site-packages\djongo\sql2mongo\query.py", line 166, in __iter__
    for doc in cursor:
  File "C:\Users\SOHAM\AppData\Local\Programs\Python\Python310\lib\site-packages\pymongo\synchronous\cursor.py", line 1166, in __next__
    return self.next()
  File "C:\Users\SOHAM\AppData\Local\Programs\Python\Python310\lib\site-packages\pymongo\synchronous\cursor.py", line 1142, in next
    if len(self._data) or self._refresh():
  File "C:\Users\SOHAM\AppData\Local\Programs\Python\Python310\lib\site-packages\pymongo\synchronous\cursor.py", line 1090, in _refresh
    self._send_message(q)
  File "C:\Users\SOHAM\AppData\Local\Programs\Python\Python310\lib\site-packages\pymongo\synchronous\cursor.py", line 985, in _send_message
    response = client._run_operation(
  File "C:\Users\SOHAM\AppData\Local\Programs\Python\Python310\lib\site-packages\pymongo\_csot.py", line 125, in csot_wrapper
    return func(self, *args, **kwargs)
  File "C:\Users\SOHAM\AppData\Local\Programs\Python\Python310\lib\site-packages\pymongo\synchronous\mongo_client.py", line 1956, in _run_operation
    return self._retryable_read(
  File "C:\Users\SOHAM\AppData\Local\Programs\Python\Python310\lib\site-packages\pymongo\synchronous\mongo_client.py", line 2076, in _retryable_read
    return self._retry_internal(
  File "C:\Users\SOHAM\AppData\Local\Programs\Python\Python310\lib\site-packages\pymongo\_csot.py", line 125, in csot_wrapper
    return func(self, *args, **kwargs)
  File "C:\Users\SOHAM\AppData\Local\Programs\Python\Python310\lib\site-packages\pymongo\synchronous\mongo_client.py", line 2038, in _retry_internal
    ).run()
  File "C:\Users\SOHAM\AppData\Local\Programs\Python\Python310\lib\site-packages\pymongo\synchronous\mongo_client.py", line 2811, in run
    res = self._read() if self._is_read else self._write()
  File "C:\Users\SOHAM\AppData\Local\Programs\Python\Python310\lib\site-packages\pymongo\synchronous\mongo_client.py", line 3027, in _read
    self._server = self._get_server()
  File "C:\Users\SOHAM\AppData\Local\Programs\Python\Python310\lib\site-packages\pymongo\synchronous\mongo_client.py", line 2975, in _get_server
    return self._client._select_server(
  File "C:\Users\SOHAM\AppData\Local\Programs\Python\Python310\lib\site-packages\pymongo\synchronous\mongo_client.py", line 1851, in _select_server
    server = topology.select_server(
  File "C:\Users\SOHAM\AppData\Local\Programs\Python\Python310\lib\site-packages\pymongo\synchronous\topology.py", line 428, in select_server
    server = self._select_server(
  File "C:\Users\SOHAM\AppData\Local\Programs\Python\Python310\lib\site-packages\pymongo\synchronous\topology.py", line 402, in _select_server
    servers = self.select_servers(
  File "C:\Users\SOHAM\AppData\Local\Programs\Python\Python310\lib\site-packages\pymongo\synchronous\topology.py", line 298, in select_servers
    server_descriptions = self._select_servers_loop(
  File "C:\Users\SOHAM\AppData\Local\Programs\Python\Python310\lib\site-packages\pymongo\synchronous\topology.py", line 376, in _select_servers_loop
    self._ensure_opened()
  File "C:\Users\SOHAM\AppData\Local\Programs\Python\Python310\lib\site-packages\pymongo\synchronous\topology.py", line 812, in _ensure_opened
    raise InvalidOperation("Cannot use MongoClient after close")
pymongo.errors.InvalidOperation: Cannot use MongoClient after close

The above exception was the direct cause of the following exception:

Traceback (most recent call last):
  File "C:\Users\SOHAM\AppData\Local\Programs\Python\Python310\lib\site-packages\djongo\cursor.py", line 65, in fetchmany
    ret.append(self.result.next())
  File "C:\Users\SOHAM\AppData\Local\Programs\Python\Python310\lib\site-packages\djongo\sql2mongo\query.py", line 797, in __next__
    result = next(self._result_generator)
  File "C:\Users\SOHAM\AppData\Local\Programs\Python\Python310\lib\site-packages\djongo\sql2mongo\query.py", line 830, in __iter__
    raise exe from e
djongo.exceptions.SQLDecodeError: 

	Keyword: FAILED SQL: SELECT "django_session"."session_key", "django_session"."session_data", "django_session"."expire_date" FROM "django_session" WHERE ("django_session"."expire_date" > %(0)s AND "django_session"."session_key" = %(1)s) LIMIT 21
Params: (datetime.datetime(2026, 8, 3, 19, 7, 42, 968917), 'ewrxc5ry93cvf42mkrk986by4cf9l12z')
Version: 1.3.6
	Sub SQL: None
	FAILED SQL: None
	Params: None
	Version: None


The above exception was the direct cause of the following exception:

Traceback (most recent call last):
  File "C:\Users\SOHAM\AppData\Local\Programs\Python\Python310\lib\site-packages\django\core\handlers\exception.py", line 47, in inner
    response = get_response(request)
  File "C:\Users\SOHAM\AppData\Local\Programs\Python\Python310\lib\site-packages\django\core\handlers\base.py", line 181, in _get_response
    response = wrapped_callback(request, *callback_args, **callback_kwargs)
  File "C:\Users\SOHAM\AppData\Local\Programs\Python\Python310\lib\site-packages\django\contrib\admin\sites.py", line 250, in wrapper
    return self.admin_view(view, cacheable)(*args, **kwargs)
  File "C:\Users\SOHAM\AppData\Local\Programs\Python\Python310\lib\site-packages\django\utils\decorators.py", line 130, in _wrapped_view
    response = view_func(request, *args, **kwargs)
  File "C:\Users\SOHAM\AppData\Local\Programs\Python\Python310\lib\site-packages\django\views\decorators\cache.py", line 44, in _wrapped_view_func
    response = view_func(request, *args, **kwargs)
  File "C:\Users\SOHAM\AppData\Local\Programs\Python\Python310\lib\site-packages\django\contrib\admin\sites.py", line 221, in inner
    if not self.has_permission(request):
  File "C:\Users\SOHAM\AppData\Local\Programs\Python\Python310\lib\site-packages\django\contrib\admin\sites.py", line 195, in has_permission
    return request.user.is_active and request.user.is_staff
  File "C:\Users\SOHAM\AppData\Local\Programs\Python\Python310\lib\site-packages\django\utils\functional.py", line 246, in inner
    self._setup()
  File "C:\Users\SOHAM\AppData\Local\Programs\Python\Python310\lib\site-packages\django\utils\functional.py", line 382, in _setup
    self._wrapped = self._setupfunc()
  File "C:\Users\SOHAM\AppData\Local\Programs\Python\Python310\lib\site-packages\django\contrib\auth\middleware.py", line 23, in <lambda>
    request.user = SimpleLazyObject(lambda: get_user(request))
  File "C:\Users\SOHAM\AppData\Local\Programs\Python\Python310\lib\site-packages\django\contrib\auth\middleware.py", line 11, in get_user
    request._cached_user = auth.get_user(request)
  File "C:\Users\SOHAM\AppData\Local\Programs\Python\Python310\lib\site-packages\django\contrib\auth\__init__.py", line 177, in get_user
    user_id = _get_user_session_key(request)
  File "C:\Users\SOHAM\AppData\Local\Programs\Python\Python310\lib\site-packages\django\contrib\auth\__init__.py", line 60, in _get_user_session_key
    return get_user_model()._meta.pk.to_python(request.session[SESSION_KEY])
  File "C:\Users\SOHAM\AppData\Local\Programs\Python\Python310\lib\site-packages\django\contrib\sessions\backends\base.py", line 65, in __getitem__
    return self._session[key]
  File "C:\Users\SOHAM\AppData\Local\Programs\Python\Python310\lib\site-packages\django\contrib\sessions\backends\base.py", line 238, in _get_session
    self._session_cache = self.load()
  File "C:\Users\SOHAM\AppData\Local\Programs\Python\Python310\lib\site-packages\django\contrib\sessions\backends\db.py", line 43, in load
    s = self._get_session_from_db()
  File "C:\Users\SOHAM\AppData\Local\Programs\Python\Python310\lib\site-packages\django\contrib\sessions\backends\db.py", line 32, in _get_session_from_db
    return self.model.objects.get(
  File "C:\Users\SOHAM\AppData\Local\Programs\Python\Python310\lib\site-packages\django\db\models\manager.py", line 85, in manager_method
    return getattr(self.get_queryset(), name)(*args, **kwargs)
  File "C:\Users\SOHAM\AppData\Local\Programs\Python\Python310\lib\site-packages\django\db\models\query.py", line 431, in get
    num = len(clone)
  File "C:\Users\SOHAM\AppData\Local\Programs\Python\Python310\lib\site-packages\django\db\models\query.py", line 262, in __len__
    self._fetch_all()
  File "C:\Users\SOHAM\AppData\Local\Programs\Python\Python310\lib\site-packages\django\db\models\query.py", line 1324, in _fetch_all
    self._result_cache = list(self._iterable_class(self))
  File "C:\Users\SOHAM\AppData\Local\Programs\Python\Python310\lib\site-packages\django\db\models\query.py", line 51, in __iter__
    results = compiler.execute_sql(chunked_fetch=self.chunked_fetch, chunk_size=self.chunk_size)
  File "C:\Users\SOHAM\AppData\Local\Programs\Python\Python310\lib\site-packages\django\db\models\sql\compiler.py", line 1208, in execute_sql
    return list(result)
  File "C:\Users\SOHAM\AppData\Local\Programs\Python\Python310\lib\site-packages\django\db\models\sql\compiler.py", line 1646, in cursor_iter
    for rows in iter((lambda: cursor.fetchmany(itersize)), sentinel):
  File "C:\Users\SOHAM\AppData\Local\Programs\Python\Python310\lib\site-packages\django\db\models\sql\compiler.py", line 1646, in <lambda>
    for rows in iter((lambda: cursor.fetchmany(itersize)), sentinel):
  File "C:\Users\SOHAM\AppData\Local\Programs\Python\Python310\lib\site-packages\django\db\utils.py", line 96, in inner
    with self:
  File "C:\Users\SOHAM\AppData\Local\Programs\Python\Python310\lib\site-packages\django\db\utils.py", line 90, in __exit__
    raise dj_exc_value.with_traceback(traceback) from exc_value
  File "C:\Users\SOHAM\AppData\Local\Programs\Python\Python310\lib\site-packages\django\db\utils.py", line 97, in inner
    return func(*args, **kwargs)
  File "C:\Users\SOHAM\AppData\Local\Programs\Python\Python310\lib\site-packages\djongo\cursor.py", line 75, in fetchmany
    raise db_exe from e
django.db.utils.DatabaseError: 

	Keyword: FAILED SQL: SELECT "django_session"."session_key", "django_session"."session_data", "django_session"."expire_date" FROM "django_session" WHERE ("django_session"."expire_date" > %(0)s AND "django_session"."session_key" = %(1)s) LIMIT 21
Params: (datetime.datetime(2026, 8, 3, 19, 7, 42, 968917), 'ewrxc5ry93cvf42mkrk986by4cf9l12z')
Version: 1.3.6
	Sub SQL: None
	FAILED SQL: None
	Params: None
	Version: None
TRACE:
Traceback (most recent call last):
  File "C:\Users\SOHAM\AppData\Local\Programs\Python\Python310\lib\site-packages\django\contrib\sessions\backends\base.py", line 233, in _get_session
    return self._session_cache
AttributeError: 'SessionStore' object has no attribute '_session_cache'

During handling of the above exception, another exception occurred:

Traceback (most recent call last):
  File "C:\Users\SOHAM\AppData\Local\Programs\Python\Python310\lib\site-packages\djongo\sql2mongo\query.py", line 808, in __iter__
    yield from iter(self._query)
  File "C:\Users\SOHAM\AppData\Local\Programs\Python\Python310\lib\site-packages\djongo\sql2mongo\query.py", line 166, in __iter__
    for doc in cursor:
  File "C:\Users\SOHAM\AppData\Local\Programs\Python\Python310\lib\site-packages\pymongo\synchronous\cursor.py", line 1166, in __next__
    return self.next()
  File "C:\Users\SOHAM\AppData\Local\Programs\Python\Python310\lib\site-packages\pymongo\synchronous\cursor.py", line 1142, in next
    if len(self._data) or self._refresh():
  File "C:\Users\SOHAM\AppData\Local\Programs\Python\Python310\lib\site-packages\pymongo\synchronous\cursor.py", line 1090, in _refresh
    self._send_message(q)
  File "C:\Users\SOHAM\AppData\Local\Programs\Python\Python310\lib\site-packages\pymongo\synchronous\cursor.py", line 985, in _send_message
    response = client._run_operation(
  File "C:\Users\SOHAM\AppData\Local\Programs\Python\Python310\lib\site-packages\pymongo\_csot.py", line 125, in csot_wrapper
    return func(self, *args, **kwargs)
  File "C:\Users\SOHAM\AppData\Local\Programs\Python\Python310\lib\site-packages\pymongo\synchronous\mongo_client.py", line 1956, in _run_operation
    return self._retryable_read(
  File "C:\Users\SOHAM\AppData\Local\Programs\Python\Python310\lib\site-packages\pymongo\synchronous\mongo_client.py", line 2076, in _retryable_read
    return self._retry_internal(
  File "C:\Users\SOHAM\AppData\Local\Programs\Python\Python310\lib\site-packages\pymongo\_csot.py", line 125, in csot_wrapper
    return func(self, *args, **kwargs)
  File "C:\Users\SOHAM\AppData\Local\Programs\Python\Python310\lib\site-packages\pymongo\synchronous\mongo_client.py", line 2038, in _retry_internal
    ).run()
  File "C:\Users\SOHAM\AppData\Local\Programs\Python\Python310\lib\site-packages\pymongo\synchronous\mongo_client.py", line 2811, in run
    res = self._read() if self._is_read else self._write()
  File "C:\Users\SOHAM\AppData\Local\Programs\Python\Python310\lib\site-packages\pymongo\synchronous\mongo_client.py", line 3027, in _read
    self._server = self._get_server()
  File "C:\Users\SOHAM\AppData\Local\Programs\Python\Python310\lib\site-packages\pymongo\synchronous\mongo_client.py", line 2975, in _get_server
    return self._client._select_server(
  File "C:\Users\SOHAM\AppData\Local\Programs\Python\Python310\lib\site-packages\pymongo\synchronous\mongo_client.py", line 1851, in _select_server
    server = topology.select_server(
  File "C:\Users\SOHAM\AppData\Local\Programs\Python\Python310\lib\site-packages\pymongo\synchronous\topology.py", line 428, in select_server
    server = self._select_server(
  File "C:\Users\SOHAM\AppData\Local\Programs\Python\Python310\lib\site-packages\pymongo\synchronous\topology.py", line 402, in _select_server
    servers = self.select_servers(
  File "C:\Users\SOHAM\AppData\Local\Programs\Python\Python310\lib\site-packages\pymongo\synchronous\topology.py", line 298, in select_servers
    server_descriptions = self._select_servers_loop(
  File "C:\Users\SOHAM\AppData\Local\Programs\Python\Python310\lib\site-packages\pymongo\synchronous\topology.py", line 376, in _select_servers_loop
    self._ensure_opened()
  File "C:\Users\SOHAM\AppData\Local\Programs\Python\Python310\lib\site-packages\pymongo\synchronous\topology.py", line 812, in _ensure_opened
    raise InvalidOperation("Cannot use MongoClient after close")
pymongo.errors.InvalidOperation: Cannot use MongoClient after close

The above exception was the direct cause of the following exception:

Traceback (most recent call last):
  File "C:\Users\SOHAM\AppData\Local\Programs\Python\Python310\lib\site-packages\djongo\cursor.py", line 65, in fetchmany
    ret.append(self.result.next())
  File "C:\Users\SOHAM\AppData\Local\Programs\Python\Python310\lib\site-packages\djongo\sql2mongo\query.py", line 797, in __next__
    result = next(self._result_generator)
  File "C:\Users\SOHAM\AppData\Local\Programs\Python\Python310\lib\site-packages\djongo\sql2mongo\query.py", line 830, in __iter__
    raise exe from e
djongo.exceptions.SQLDecodeError: 

	Keyword: FAILED SQL: SELECT "django_session"."session_key", "django_session"."session_data", "django_session"."expire_date" FROM "django_session" WHERE ("django_session"."expire_date" > %(0)s AND "django_session"."session_key" = %(1)s) LIMIT 21
Params: (datetime.datetime(2026, 8, 3, 19, 7, 42, 968917), 'ewrxc5ry93cvf42mkrk986by4cf9l12z')
Version: 1.3.6
	Sub SQL: None
	FAILED SQL: None
	Params: None
	Version: None


During handling of the above exception, another exception occurred:

Traceback (most recent call last):
  File "C:\Users\SOHAM\AppData\Local\Programs\Python\Python310\lib\site-packages\django\contrib\sessions\backends\base.py", line 233, in _get_session
    return self._session_cache
AttributeError: 'SessionStore' object has no attribute '_session_cache'

During handling of the above exception, another exception occurred:

Traceback (most recent call last):
  File "C:\Users\SOHAM\AppData\Local\Programs\Python\Python310\lib\site-packages\djongo\sql2mongo\query.py", line 808, in __iter__
    yield from iter(self._query)
  File "C:\Users\SOHAM\AppData\Local\Programs\Python\Python310\lib\site-packages\djongo\sql2mongo\query.py", line 166, in __iter__
    for doc in cursor:
  File "C:\Users\SOHAM\AppData\Local\Programs\Python\Python310\lib\site-packages\pymongo\synchronous\cursor.py", line 1166, in __next__
    return self.next()
  File "C:\Users\SOHAM\AppData\Local\Programs\Python\Python310\lib\site-packages\pymongo\synchronous\cursor.py", line 1142, in next
    if len(self._data) or self._refresh():
  File "C:\Users\SOHAM\AppData\Local\Programs\Python\Python310\lib\site-packages\pymongo\synchronous\cursor.py", line 1090, in _refresh
    self._send_message(q)
  File "C:\Users\SOHAM\AppData\Local\Programs\Python\Python310\lib\site-packages\pymongo\synchronous\cursor.py", line 985, in _send_message
    response = client._run_operation(
  File "C:\Users\SOHAM\AppData\Local\Programs\Python\Python310\lib\site-packages\pymongo\_csot.py", line 125, in csot_wrapper
    return func(self, *args, **kwargs)
  File "C:\Users\SOHAM\AppData\Local\Programs\Python\Python310\lib\site-packages\pymongo\synchronous\mongo_client.py", line 1956, in _run_operation
    return self._retryable_read(
  File "C:\Users\SOHAM\AppData\Local\Programs\Python\Python310\lib\site-packages\pymongo\synchronous\mongo_client.py", line 2076, in _retryable_read
    return self._retry_internal(
  File "C:\Users\SOHAM\AppData\Local\Programs\Python\Python310\lib\site-packages\pymongo\_csot.py", line 125, in csot_wrapper
    return func(self, *args, **kwargs)
  File "C:\Users\SOHAM\AppData\Local\Programs\Python\Python310\lib\site-packages\pymongo\synchronous\mongo_client.py", line 2038, in _retry_internal
    ).run()
  File "C:\Users\SOHAM\AppData\Local\Programs\Python\Python310\lib\site-packages\pymongo\synchronous\mongo_client.py", line 2811, in run
    res = self._read() if self._is_read else self._write()
  File "C:\Users\SOHAM\AppData\Local\Programs\Python\Python310\lib\site-packages\pymongo\synchronous\mongo_client.py", line 3027, in _read
    self._server = self._get_server()
  File "C:\Users\SOHAM\AppData\Local\Programs\Python\Python310\lib\site-packages\pymongo\synchronous\mongo_client.py", line 2975, in _get_server
    return self._client._select_server(
  File "C:\Users\SOHAM\AppData\Local\Programs\Python\Python310\lib\site-packages\pymongo\synchronous\mongo_client.py", line 1851, in _select_server
    server = topology.select_server(
  File "C:\Users\SOHAM\AppData\Local\Programs\Python\Python310\lib\site-packages\pymongo\synchronous\topology.py", line 428, in select_server
    server = self._select_server(
  File "C:\Users\SOHAM\AppData\Local\Programs\Python\Python310\lib\site-packages\pymongo\synchronous\topology.py", line 402, in _select_server
    servers = self.select_servers(
  File "C:\Users\SOHAM\AppData\Local\Programs\Python\Python310\lib\site-packages\pymongo\synchronous\topology.py", line 298, in select_servers
    server_descriptions = self._select_servers_loop(
  File "C:\Users\SOHAM\AppData\Local\Programs\Python\Python310\lib\site-packages\pymongo\synchronous\topology.py", line 376, in _select_servers_loop
    self._ensure_opened()
  File "C:\Users\SOHAM\AppData\Local\Programs\Python\Python310\lib\site-packages\pymongo\synchronous\topology.py", line 812, in _ensure_opened
    raise InvalidOperation("Cannot use MongoClient after close")
pymongo.errors.InvalidOperation: Cannot use MongoClient after close

The above exception was the direct cause of the following exception:

Traceback (most recent call last):
  File "C:\Users\SOHAM\AppData\Local\Programs\Python\Python310\lib\site-packages\djongo\cursor.py", line 65, in fetchmany
    ret.append(self.result.next())
  File "C:\Users\SOHAM\AppData\Local\Programs\Python\Python310\lib\site-packages\djongo\sql2mongo\query.py", line 797, in __next__
    result = next(self._result_generator)
  File "C:\Users\SOHAM\AppData\Local\Programs\Python\Python310\lib\site-packages\djongo\sql2mongo\query.py", line 830, in __iter__
    raise exe from e
djongo.exceptions.SQLDecodeError: 

	Keyword: FAILED SQL: SELECT "django_session"."session_key", "django_session"."session_data", "django_session"."expire_date" FROM "django_session" WHERE ("django_session"."expire_date" > %(0)s AND "django_session"."session_key" = %(1)s) LIMIT 21
Params: (datetime.datetime(2026, 8, 3, 19, 7, 43, 228905), 'ewrxc5ry93cvf42mkrk986by4cf9l12z')
Version: 1.3.6
	Sub SQL: None
	FAILED SQL: None
	Params: None
	Version: None

-----------------
Traceback (most recent call last):
  File "C:\Users\SOHAM\AppData\Local\Programs\Python\Python310\lib\site-packages\djongo\sql2mongo\query.py", line 808, in __iter__
    yield from iter(self._query)
  File "C:\Users\SOHAM\AppData\Local\Programs\Python\Python310\lib\site-packages\djongo\sql2mongo\query.py", line 166, in __iter__
    for doc in cursor:
  File "C:\Users\SOHAM\AppData\Local\Programs\Python\Python310\lib\site-packages\pymongo\synchronous\cursor.py", line 1166, in __next__
    return self.next()
  File "C:\Users\SOHAM\AppData\Local\Programs\Python\Python310\lib\site-packages\pymongo\synchronous\cursor.py", line 1142, in next
    if len(self._data) or self._refresh():
  File "C:\Users\SOHAM\AppData\Local\Programs\Python\Python310\lib\site-packages\pymongo\synchronous\cursor.py", line 1090, in _refresh
    self._send_message(q)
  File "C:\Users\SOHAM\AppData\Local\Programs\Python\Python310\lib\site-packages\pymongo\synchronous\cursor.py", line 985, in _send_message
    response = client._run_operation(
  File "C:\Users\SOHAM\AppData\Local\Programs\Python\Python310\lib\site-packages\pymongo\_csot.py", line 125, in csot_wrapper
    return func(self, *args, **kwargs)
  File "C:\Users\SOHAM\AppData\Local\Programs\Python\Python310\lib\site-packages\pymongo\synchronous\mongo_client.py", line 1956, in _run_operation
    return self._retryable_read(
  File "C:\Users\SOHAM\AppData\Local\Programs\Python\Python310\lib\site-packages\pymongo\synchronous\mongo_client.py", line 2076, in _retryable_read
    return self._retry_internal(
  File "C:\Users\SOHAM\AppData\Local\Programs\Python\Python310\lib\site-packages\pymongo\_csot.py", line 125, in csot_wrapper
    return func(self, *args, **kwargs)
  File "C:\Users\SOHAM\AppData\Local\Programs\Python\Python310\lib\site-packages\pymongo\synchronous\mongo_client.py", line 2038, in _retry_internal
    ).run()
  File "C:\Users\SOHAM\AppData\Local\Programs\Python\Python310\lib\site-packages\pymongo\synchronous\mongo_client.py", line 2811, in run
    res = self._read() if self._is_read else self._write()
  File "C:\Users\SOHAM\AppData\Local\Programs\Python\Python310\lib\site-packages\pymongo\synchronous\mongo_client.py", line 3027, in _read
    self._server = self._get_server()
  File "C:\Users\SOHAM\AppData\Local\Programs\Python\Python310\lib\site-packages\pymongo\synchronous\mongo_client.py", line 2975, in _get_server
    return self._client._select_server(
  File "C:\Users\SOHAM\AppData\Local\Programs\Python\Python310\lib\site-packages\pymongo\synchronous\mongo_client.py", line 1851, in _select_server
    server = topology.select_server(
  File "C:\Users\SOHAM\AppData\Local\Programs\Python\Python310\lib\site-packages\pymongo\synchronous\topology.py", line 428, in select_server
    server = self._select_server(
  File "C:\Users\SOHAM\AppData\Local\Programs\Python\Python310\lib\site-packages\pymongo\synchronous\topology.py", line 402, in _select_server
    servers = self.select_servers(
  File "C:\Users\SOHAM\AppData\Local\Programs\Python\Python310\lib\site-packages\pymongo\synchronous\topology.py", line 298, in select_servers
    server_descriptions = self._select_servers_loop(
  File "C:\Users\SOHAM\AppData\Local\Programs\Python\Python310\lib\site-packages\pymongo\synchronous\topology.py", line 376, in _select_servers_loop
    self._ensure_opened()
  File "C:\Users\SOHAM\AppData\Local\Programs\Python\Python310\lib\site-packages\pymongo\synchronous\topology.py", line 812, in _ensure_opened
    raise InvalidOperation("Cannot use MongoClient after close")
pymongo.errors.InvalidOperation: Cannot use MongoClient after close

The above exception was the direct cause of the following exception:

Traceback (most recent call last):
  File "C:\Users\SOHAM\AppData\Local\Programs\Python\Python310\lib\site-packages\djongo\cursor.py", line 65, in fetchmany
    ret.append(self.result.next())
  File "C:\Users\SOHAM\AppData\Local\Programs\Python\Python310\lib\site-packages\djongo\sql2mongo\query.py", line 797, in __next__
    result = next(self._result_generator)
  File "C:\Users\SOHAM\AppData\Local\Programs\Python\Python310\lib\site-packages\djongo\sql2mongo\query.py", line 830, in __iter__
    raise exe from e
djongo.exceptions.SQLDecodeError: 

	Keyword: FAILED SQL: SELECT "core_user"."id", "core_user"."password", "core_user"."last_login", "core_user"."is_superuser", "core_user"."username", "core_user"."first_name", "core_user"."last_name", "core_user"."email", "core_user"."is_staff", "core_user"."is_active", "core_user"."date_joined", "core_user"."role", "core_user"."phone" FROM "core_user" WHERE "core_user"."id" = %(0)s LIMIT 21
Params: (1,)
Version: 1.3.6
	Sub SQL: None
	FAILED SQL: None
	Params: None
	Version: None

-----------------
Traceback (most recent call last):
  File "C:\Users\SOHAM\AppData\Local\Programs\Python\Python310\lib\site-packages\djongo\sql2mongo\query.py", line 808, in __iter__
    yield from iter(self._query)
  File "C:\Users\SOHAM\AppData\Local\Programs\Python\Python310\lib\site-packages\djongo\sql2mongo\query.py", line 166, in __iter__
    for doc in cursor:
  File "C:\Users\SOHAM\AppData\Local\Programs\Python\Python310\lib\site-packages\pymongo\synchronous\cursor.py", line 1166, in __next__
    return self.next()
  File "C:\Users\SOHAM\AppData\Local\Programs\Python\Python310\lib\site-packages\pymongo\synchronous\cursor.py", line 1142, in next
    if len(self._data) or self._refresh():
  File "C:\Users\SOHAM\AppData\Local\Programs\Python\Python310\lib\site-packages\pymongo\synchronous\cursor.py", line 1090, in _refresh
    self._send_message(q)
  File "C:\Users\SOHAM\AppData\Local\Programs\Python\Python310\lib\site-packages\pymongo\synchronous\cursor.py", line 985, in _send_message
    response = client._run_operation(
  File "C:\Users\SOHAM\AppData\Local\Programs\Python\Python310\lib\site-packages\pymongo\_csot.py", line 125, in csot_wrapper
    return func(self, *args, **kwargs)
  File "C:\Users\SOHAM\AppData\Local\Programs\Python\Python310\lib\site-packages\pymongo\synchronous\mongo_client.py", line 1956, in _run_operation
    return self._retryable_read(
  File "C:\Users\SOHAM\AppData\Local\Programs\Python\Python310\lib\site-packages\pymongo\synchronous\mongo_client.py", line 2076, in _retryable_read
    return self._retry_internal(
  File "C:\Users\SOHAM\AppData\Local\Programs\Python\Python310\lib\site-packages\pymongo\_csot.py", line 125, in csot_wrapper
    return func(self, *args, **kwargs)
  File "C:\Users\SOHAM\AppData\Local\Programs\Python\Python310\lib\site-packages\pymongo\synchronous\mongo_client.py", line 2038, in _retry_internal
    ).run()
  File "C:\Users\SOHAM\AppData\Local\Programs\Python\Python310\lib\site-packages\pymongo\synchronous\mongo_client.py", line 2811, in run
    res = self._read() if self._is_read else self._write()
  File "C:\Users\SOHAM\AppData\Local\Programs\Python\Python310\lib\site-packages\pymongo\synchronous\mongo_client.py", line 3027, in _read
    self._server = self._get_server()
  File "C:\Users\SOHAM\AppData\Local\Programs\Python\Python310\lib\site-packages\pymongo\synchronous\mongo_client.py", line 2975, in _get_server
    return self._client._select_server(
  File "C:\Users\SOHAM\AppData\Local\Programs\Python\Python310\lib\site-packages\pymongo\synchronous\mongo_client.py", line 1851, in _select_server
    server = topology.select_server(
  File "C:\Users\SOHAM\AppData\Local\Programs\Python\Python310\lib\site-packages\pymongo\synchronous\topology.py", line 428, in select_server
    server = self._select_server(
  File "C:\Users\SOHAM\AppData\Local\Programs\Python\Python310\lib\site-packages\pymongo\synchronous\topology.py", line 402, in _select_server
    servers = self.select_servers(
  File "C:\Users\SOHAM\AppData\Local\Programs\Python\Python310\lib\site-packages\pymongo\synchronous\topology.py", line 298, in select_servers
    server_descriptions = self._select_servers_loop(
  File "C:\Users\SOHAM\AppData\Local\Programs\Python\Python310\lib\site-packages\pymongo\synchronous\topology.py", line 376, in _select_servers_loop
    self._ensure_opened()
  File "C:\Users\SOHAM\AppData\Local\Programs\Python\Python310\lib\site-packages\pymongo\synchronous\topology.py", line 812, in _ensure_opened
    raise InvalidOperation("Cannot use MongoClient after close")
pymongo.errors.InvalidOperation: Cannot use MongoClient after close

The above exception was the direct cause of the following exception:

Traceback (most recent call last):
  File "C:\Users\SOHAM\AppData\Local\Programs\Python\Python310\lib\site-packages\djongo\cursor.py", line 65, in fetchmany
    ret.append(self.result.next())
  File "C:\Users\SOHAM\AppData\Local\Programs\Python\Python310\lib\site-packages\djongo\sql2mongo\query.py", line 797, in __next__
    result = next(self._result_generator)
  File "C:\Users\SOHAM\AppData\Local\Programs\Python\Python310\lib\site-packages\djongo\sql2mongo\query.py", line 830, in __iter__
    raise exe from e
djongo.exceptions.SQLDecodeError: 

	Keyword: FAILED SQL: SELECT "core_user"."id", "core_user"."password", "core_user"."last_login", "core_user"."is_superuser", "core_user"."username", "core_user"."first_name", "core_user"."last_name", "core_user"."email", "core_user"."is_staff", "core_user"."is_active", "core_user"."date_joined", "core_user"."role", "core_user"."phone" FROM "core_user" WHERE "core_user"."id" = %(0)s LIMIT 21
Params: (1,)
Version: 1.3.6
	Sub SQL: None
	FAILED SQL: None
	Params: None
	Version: None

-----------------
Traceback (most recent call last):
  File "C:\Users\SOHAM\AppData\Local\Programs\Python\Python310\lib\site-packages\djongo\sql2mongo\query.py", line 808, in __iter__
    yield from iter(self._query)
  File "C:\Users\SOHAM\AppData\Local\Programs\Python\Python310\lib\site-packages\djongo\sql2mongo\query.py", line 166, in __iter__
    for doc in cursor:
  File "C:\Users\SOHAM\AppData\Local\Programs\Python\Python310\lib\site-packages\pymongo\synchronous\cursor.py", line 1166, in __next__
    return self.next()
  File "C:\Users\SOHAM\AppData\Local\Programs\Python\Python310\lib\site-packages\pymongo\synchronous\cursor.py", line 1142, in next
    if len(self._data) or self._refresh():
  File "C:\Users\SOHAM\AppData\Local\Programs\Python\Python310\lib\site-packages\pymongo\synchronous\cursor.py", line 1090, in _refresh
    self._send_message(q)
  File "C:\Users\SOHAM\AppData\Local\Programs\Python\Python310\lib\site-packages\pymongo\synchronous\cursor.py", line 985, in _send_message
    response = client._run_operation(
  File "C:\Users\SOHAM\AppData\Local\Programs\Python\Python310\lib\site-packages\pymongo\_csot.py", line 125, in csot_wrapper
    return func(self, *args, **kwargs)
  File "C:\Users\SOHAM\AppData\Local\Programs\Python\Python310\lib\site-packages\pymongo\synchronous\mongo_client.py", line 1956, in _run_operation
    return self._retryable_read(
  File "C:\Users\SOHAM\AppData\Local\Programs\Python\Python310\lib\site-packages\pymongo\synchronous\mongo_client.py", line 2076, in _retryable_read
    return self._retry_internal(
  File "C:\Users\SOHAM\AppData\Local\Programs\Python\Python310\lib\site-packages\pymongo\_csot.py", line 125, in csot_wrapper
    return func(self, *args, **kwargs)
  File "C:\Users\SOHAM\AppData\Local\Programs\Python\Python310\lib\site-packages\pymongo\synchronous\mongo_client.py", line 2038, in _retry_internal
    ).run()
  File "C:\Users\SOHAM\AppData\Local\Programs\Python\Python310\lib\site-packages\pymongo\synchronous\mongo_client.py", line 2811, in run
    res = self._read() if self._is_read else self._write()
  File "C:\Users\SOHAM\AppData\Local\Programs\Python\Python310\lib\site-packages\pymongo\synchronous\mongo_client.py", line 3027, in _read
    self._server = self._get_server()
  File "C:\Users\SOHAM\AppData\Local\Programs\Python\Python310\lib\site-packages\pymongo\synchronous\mongo_client.py", line 2975, in _get_server
    return self._client._select_server(
  File "C:\Users\SOHAM\AppData\Local\Programs\Python\Python310\lib\site-packages\pymongo\synchronous\mongo_client.py", line 1851, in _select_server
    server = topology.select_server(
  File "C:\Users\SOHAM\AppData\Local\Programs\Python\Python310\lib\site-packages\pymongo\synchronous\topology.py", line 428, in select_server
    server = self._select_server(
  File "C:\Users\SOHAM\AppData\Local\Programs\Python\Python310\lib\site-packages\pymongo\synchronous\topology.py", line 402, in _select_server
    servers = self.select_servers(
  File "C:\Users\SOHAM\AppData\Local\Programs\Python\Python310\lib\site-packages\pymongo\synchronous\topology.py", line 298, in select_servers
    server_descriptions = self._select_servers_loop(
  File "C:\Users\SOHAM\AppData\Local\Programs\Python\Python310\lib\site-packages\pymongo\synchronous\topology.py", line 376, in _select_servers_loop
    self._ensure_opened()
  File "C:\Users\SOHAM\AppData\Local\Programs\Python\Python310\lib\site-packages\pymongo\synchronous\topology.py", line 812, in _ensure_opened
    raise InvalidOperation("Cannot use MongoClient after close")
pymongo.errors.InvalidOperation: Cannot use MongoClient after close

The above exception was the direct cause of the following exception:

Traceback (most recent call last):
  File "C:\Users\SOHAM\AppData\Local\Programs\Python\Python310\lib\site-packages\djongo\cursor.py", line 65, in fetchmany
    ret.append(self.result.next())
  File "C:\Users\SOHAM\AppData\Local\Programs\Python\Python310\lib\site-packages\djongo\sql2mongo\query.py", line 797, in __next__
    result = next(self._result_generator)
  File "C:\Users\SOHAM\AppData\Local\Programs\Python\Python310\lib\site-packages\djongo\sql2mongo\query.py", line 830, in __iter__
    raise exe from e
djongo.exceptions.SQLDecodeError: 

	Keyword: FAILED SQL: SELECT "core_user"."id", "core_user"."password", "core_user"."last_login", "core_user"."is_superuser", "core_user"."username", "core_user"."first_name", "core_user"."last_name", "core_user"."email", "core_user"."is_staff", "core_user"."is_active", "core_user"."date_joined", "core_user"."role", "core_user"."phone" FROM "core_user" WHERE "core_user"."id" = %(0)s LIMIT 21
Params: (1,)
Version: 1.3.6
	Sub SQL: None
	FAILED SQL: None
	Params: None
	Version: None

-----------------
Traceback (most recent call last):
  File "C:\Users\SOHAM\AppData\Local\Programs\Python\Python310\lib\site-packages\djongo\sql2mongo\query.py", line 808, in __iter__
    yield from iter(self._query)
  File "C:\Users\SOHAM\AppData\Local\Programs\Python\Python310\lib\site-packages\djongo\sql2mongo\query.py", line 166, in __iter__
    for doc in cursor:
  File "C:\Users\SOHAM\AppData\Local\Programs\Python\Python310\lib\site-packages\pymongo\synchronous\cursor.py", line 1166, in __next__
    return self.next()
  File "C:\Users\SOHAM\AppData\Local\Programs\Python\Python310\lib\site-packages\pymongo\synchronous\cursor.py", line 1142, in next
    if len(self._data) or self._refresh():
  File "C:\Users\SOHAM\AppData\Local\Programs\Python\Python310\lib\site-packages\pymongo\synchronous\cursor.py", line 1090, in _refresh
    self._send_message(q)
  File "C:\Users\SOHAM\AppData\Local\Programs\Python\Python310\lib\site-packages\pymongo\synchronous\cursor.py", line 985, in _send_message
    response = client._run_operation(
  File "C:\Users\SOHAM\AppData\Local\Programs\Python\Python310\lib\site-packages\pymongo\_csot.py", line 125, in csot_wrapper
    return func(self, *args, **kwargs)
  File "C:\Users\SOHAM\AppData\Local\Programs\Python\Python310\lib\site-packages\pymongo\synchronous\mongo_client.py", line 1956, in _run_operation
    return self._retryable_read(
  File "C:\Users\SOHAM\AppData\Local\Programs\Python\Python310\lib\site-packages\pymongo\synchronous\mongo_client.py", line 2076, in _retryable_read
    return self._retry_internal(
  File "C:\Users\SOHAM\AppData\Local\Programs\Python\Python310\lib\site-packages\pymongo\_csot.py", line 125, in csot_wrapper
    return func(self, *args, **kwargs)
  File "C:\Users\SOHAM\AppData\Local\Programs\Python\Python310\lib\site-packages\pymongo\synchronous\mongo_client.py", line 2038, in _retry_internal
    ).run()
  File "C:\Users\SOHAM\AppData\Local\Programs\Python\Python310\lib\site-packages\pymongo\synchronous\mongo_client.py", line 2811, in run
    res = self._read() if self._is_read else self._write()
  File "C:\Users\SOHAM\AppData\Local\Programs\Python\Python310\lib\site-packages\pymongo\synchronous\mongo_client.py", line 3027, in _read
    self._server = self._get_server()
  File "C:\Users\SOHAM\AppData\Local\Programs\Python\Python310\lib\site-packages\pymongo\synchronous\mongo_client.py", line 2975, in _get_server
    return self._client._select_server(
  File "C:\Users\SOHAM\AppData\Local\Programs\Python\Python310\lib\site-packages\pymongo\synchronous\mongo_client.py", line 1851, in _select_server
    server = topology.select_server(
  File "C:\Users\SOHAM\AppData\Local\Programs\Python\Python310\lib\site-packages\pymongo\synchronous\topology.py", line 428, in select_server
    server = self._select_server(
  File "C:\Users\SOHAM\AppData\Local\Programs\Python\Python310\lib\site-packages\pymongo\synchronous\topology.py", line 402, in _select_server
    servers = self.select_servers(
  File "C:\Users\SOHAM\AppData\Local\Programs\Python\Python310\lib\site-packages\pymongo\synchronous\topology.py", line 298, in select_servers
    server_descriptions = self._select_servers_loop(
  File "C:\Users\SOHAM\AppData\Local\Programs\Python\Python310\lib\site-packages\pymongo\synchronous\topology.py", line 376, in _select_servers_loop
    self._ensure_opened()
  File "C:\Users\SOHAM\AppData\Local\Programs\Python\Python310\lib\site-packages\pymongo\synchronous\topology.py", line 812, in _ensure_opened
    raise InvalidOperation("Cannot use MongoClient after close")
pymongo.errors.InvalidOperation: Cannot use MongoClient after close

The above exception was the direct cause of the following exception:

Traceback (most recent call last):
  File "C:\Users\SOHAM\AppData\Local\Programs\Python\Python310\lib\site-packages\djongo\cursor.py", line 65, in fetchmany
    ret.append(self.result.next())
  File "C:\Users\SOHAM\AppData\Local\Programs\Python\Python310\lib\site-packages\djongo\sql2mongo\query.py", line 797, in __next__
    result = next(self._result_generator)
  File "C:\Users\SOHAM\AppData\Local\Programs\Python\Python310\lib\site-packages\djongo\sql2mongo\query.py", line 830, in __iter__
    raise exe from e
djongo.exceptions.SQLDecodeError: 

	Keyword: FAILED SQL: SELECT "core_user"."id", "core_user"."password", "core_user"."last_login", "core_user"."is_superuser", "core_user"."username", "core_user"."first_name", "core_user"."last_name", "core_user"."email", "core_user"."is_staff", "core_user"."is_active", "core_user"."date_joined", "core_user"."role", "core_user"."phone" FROM "core_user" WHERE "core_user"."id" = %(0)s LIMIT 21
Params: (1,)
Version: 1.3.6
	Sub SQL: None
	FAILED SQL: None
	Params: None
	Version: None

-----------------
Traceback (most recent call last):
  File "C:\Users\SOHAM\AppData\Local\Programs\Python\Python310\lib\site-packages\djongo\sql2mongo\query.py", line 808, in __iter__
    yield from iter(self._query)
  File "C:\Users\SOHAM\AppData\Local\Programs\Python\Python310\lib\site-packages\djongo\sql2mongo\query.py", line 166, in __iter__
    for doc in cursor:
  File "C:\Users\SOHAM\AppData\Local\Programs\Python\Python310\lib\site-packages\pymongo\synchronous\cursor.py", line 1166, in __next__
    return self.next()
  File "C:\Users\SOHAM\AppData\Local\Programs\Python\Python310\lib\site-packages\pymongo\synchronous\cursor.py", line 1142, in next
    if len(self._data) or self._refresh():
  File "C:\Users\SOHAM\AppData\Local\Programs\Python\Python310\lib\site-packages\pymongo\synchronous\cursor.py", line 1090, in _refresh
    self._send_message(q)
  File "C:\Users\SOHAM\AppData\Local\Programs\Python\Python310\lib\site-packages\pymongo\synchronous\cursor.py", line 985, in _send_message
    response = client._run_operation(
  File "C:\Users\SOHAM\AppData\Local\Programs\Python\Python310\lib\site-packages\pymongo\_csot.py", line 125, in csot_wrapper
    return func(self, *args, **kwargs)
  File "C:\Users\SOHAM\AppData\Local\Programs\Python\Python310\lib\site-packages\pymongo\synchronous\mongo_client.py", line 1956, in _run_operation
    return self._retryable_read(
  File "C:\Users\SOHAM\AppData\Local\Programs\Python\Python310\lib\site-packages\pymongo\synchronous\mongo_client.py", line 2076, in _retryable_read
    return self._retry_internal(
  File "C:\Users\SOHAM\AppData\Local\Programs\Python\Python310\lib\site-packages\pymongo\_csot.py", line 125, in csot_wrapper
    return func(self, *args, **kwargs)
  File "C:\Users\SOHAM\AppData\Local\Programs\Python\Python310\lib\site-packages\pymongo\synchronous\mongo_client.py", line 2038, in _retry_internal
    ).run()
  File "C:\Users\SOHAM\AppData\Local\Programs\Python\Python310\lib\site-packages\pymongo\synchronous\mongo_client.py", line 2811, in run
    res = self._read() if self._is_read else self._write()
  File "C:\Users\SOHAM\AppData\Local\Programs\Python\Python310\lib\site-packages\pymongo\synchronous\mongo_client.py", line 3027, in _read
    self._server = self._get_server()
  File "C:\Users\SOHAM\AppData\Local\Programs\Python\Python310\lib\site-packages\pymongo\synchronous\mongo_client.py", line 2975, in _get_server
    return self._client._select_server(
  File "C:\Users\SOHAM\AppData\Local\Programs\Python\Python310\lib\site-packages\pymongo\synchronous\mongo_client.py", line 1851, in _select_server
    server = topology.select_server(
  File "C:\Users\SOHAM\AppData\Local\Programs\Python\Python310\lib\site-packages\pymongo\synchronous\topology.py", line 428, in select_server
    server = self._select_server(
  File "C:\Users\SOHAM\AppData\Local\Programs\Python\Python310\lib\site-packages\pymongo\synchronous\topology.py", line 402, in _select_server
    servers = self.select_servers(
  File "C:\Users\SOHAM\AppData\Local\Programs\Python\Python310\lib\site-packages\pymongo\synchronous\topology.py", line 298, in select_servers
    server_descriptions = self._select_servers_loop(
  File "C:\Users\SOHAM\AppData\Local\Programs\Python\Python310\lib\site-packages\pymongo\synchronous\topology.py", line 376, in _select_servers_loop
    self._ensure_opened()
  File "C:\Users\SOHAM\AppData\Local\Programs\Python\Python310\lib\site-packages\pymongo\synchronous\topology.py", line 812, in _ensure_opened
    raise InvalidOperation("Cannot use MongoClient after close")
pymongo.errors.InvalidOperation: Cannot use MongoClient after close

The above exception was the direct cause of the following exception:

Traceback (most recent call last):
  File "C:\Users\SOHAM\AppData\Local\Programs\Python\Python310\lib\site-packages\djongo\cursor.py", line 65, in fetchmany
    ret.append(self.result.next())
  File "C:\Users\SOHAM\AppData\Local\Programs\Python\Python310\lib\site-packages\djongo\sql2mongo\query.py", line 797, in __next__
    result = next(self._result_generator)
  File "C:\Users\SOHAM\AppData\Local\Programs\Python\Python310\lib\site-packages\djongo\sql2mongo\query.py", line 830, in __iter__
    raise exe from e
djongo.exceptions.SQLDecodeError: 

	Keyword: FAILED SQL: SELECT "core_user"."id", "core_user"."password", "core_user"."last_login", "core_user"."is_superuser", "core_user"."username", "core_user"."first_name", "core_user"."last_name", "core_user"."email", "core_user"."is_staff", "core_user"."is_active", "core_user"."date_joined", "core_user"."role", "core_user"."phone" FROM "core_user" WHERE "core_user"."id" = %(0)s LIMIT 21
Params: (1,)
Version: 1.3.6
	Sub SQL: None
	FAILED SQL: None
	Params: None
	Version: None

-----------------
Traceback (most recent call last):
  File "C:\Users\SOHAM\AppData\Local\Programs\Python\Python310\lib\site-packages\djongo\sql2mongo\query.py", line 808, in __iter__
    yield from iter(self._query)
  File "C:\Users\SOHAM\AppData\Local\Programs\Python\Python310\lib\site-packages\djongo\sql2mongo\query.py", line 166, in __iter__
    for doc in cursor:
  File "C:\Users\SOHAM\AppData\Local\Programs\Python\Python310\lib\site-packages\pymongo\synchronous\cursor.py", line 1166, in __next__
    return self.next()
  File "C:\Users\SOHAM\AppData\Local\Programs\Python\Python310\lib\site-packages\pymongo\synchronous\cursor.py", line 1142, in next
    if len(self._data) or self._refresh():
  File "C:\Users\SOHAM\AppData\Local\Programs\Python\Python310\lib\site-packages\pymongo\synchronous\cursor.py", line 1090, in _refresh
    self._send_message(q)
  File "C:\Users\SOHAM\AppData\Local\Programs\Python\Python310\lib\site-packages\pymongo\synchronous\cursor.py", line 985, in _send_message
    response = client._run_operation(
  File "C:\Users\SOHAM\AppData\Local\Programs\Python\Python310\lib\site-packages\pymongo\_csot.py", line 125, in csot_wrapper
    return func(self, *args, **kwargs)
  File "C:\Users\SOHAM\AppData\Local\Programs\Python\Python310\lib\site-packages\pymongo\synchronous\mongo_client.py", line 1956, in _run_operation
    return self._retryable_read(
  File "C:\Users\SOHAM\AppData\Local\Programs\Python\Python310\lib\site-packages\pymongo\synchronous\mongo_client.py", line 2076, in _retryable_read
    return self._retry_internal(
  File "C:\Users\SOHAM\AppData\Local\Programs\Python\Python310\lib\site-packages\pymongo\_csot.py", line 125, in csot_wrapper
    return func(self, *args, **kwargs)
  File "C:\Users\SOHAM\AppData\Local\Programs\Python\Python310\lib\site-packages\pymongo\synchronous\mongo_client.py", line 2038, in _retry_internal
    ).run()
  File "C:\Users\SOHAM\AppData\Local\Programs\Python\Python310\lib\site-packages\pymongo\synchronous\mongo_client.py", line 2811, in run
    res = self._read() if self._is_read else self._write()
  File "C:\Users\SOHAM\AppData\Local\Programs\Python\Python310\lib\site-packages\pymongo\synchronous\mongo_client.py", line 3027, in _read
    self._server = self._get_server()
  File "C:\Users\SOHAM\AppData\Local\Programs\Python\Python310\lib\site-packages\pymongo\synchronous\mongo_client.py", line 2975, in _get_server
    return self._client._select_server(
  File "C:\Users\SOHAM\AppData\Local\Programs\Python\Python310\lib\site-packages\pymongo\synchronous\mongo_client.py", line 1851, in _select_server
    server = topology.select_server(
  File "C:\Users\SOHAM\AppData\Local\Programs\Python\Python310\lib\site-packages\pymongo\synchronous\topology.py", line 428, in select_server
    server = self._select_server(
  File "C:\Users\SOHAM\AppData\Local\Programs\Python\Python310\lib\site-packages\pymongo\synchronous\topology.py", line 402, in _select_server
    servers = self.select_servers(
  File "C:\Users\SOHAM\AppData\Local\Programs\Python\Python310\lib\site-packages\pymongo\synchronous\topology.py", line 298, in select_servers
    server_descriptions = self._select_servers_loop(
  File "C:\Users\SOHAM\AppData\Local\Programs\Python\Python310\lib\site-packages\pymongo\synchronous\topology.py", line 376, in _select_servers_loop
    self._ensure_opened()
  File "C:\Users\SOHAM\AppData\Local\Programs\Python\Python310\lib\site-packages\pymongo\synchronous\topology.py", line 812, in _ensure_opened
    raise InvalidOperation("Cannot use MongoClient after close")
pymongo.errors.InvalidOperation: Cannot use MongoClient after close

The above exception was the direct cause of the following exception:

Traceback (most recent call last):
  File "C:\Users\SOHAM\AppData\Local\Programs\Python\Python310\lib\site-packages\djongo\cursor.py", line 65, in fetchmany
    ret.append(self.result.next())
  File "C:\Users\SOHAM\AppData\Local\Programs\Python\Python310\lib\site-packages\djongo\sql2mongo\query.py", line 797, in __next__
    result = next(self._result_generator)
  File "C:\Users\SOHAM\AppData\Local\Programs\Python\Python310\lib\site-packages\djongo\sql2mongo\query.py", line 830, in __iter__
    raise exe from e
djongo.exceptions.SQLDecodeError: 

	Keyword: FAILED SQL: SELECT "core_user"."id", "core_user"."password", "core_user"."last_login", "core_user"."is_superuser", "core_user"."username", "core_user"."first_name", "core_user"."last_name", "core_user"."email", "core_user"."is_staff", "core_user"."is_active", "core_user"."date_joined", "core_user"."role", "core_user"."phone" FROM "core_user" WHERE "core_user"."id" = %(0)s LIMIT 21
Params: (1,)
Version: 1.3.6
	Sub SQL: None
	FAILED SQL: None
	Params: None
	Version: None

-----------------
Traceback (most recent call last):
  File "C:\Users\SOHAM\AppData\Local\Programs\Python\Python310\lib\site-packages\djongo\sql2mongo\query.py", line 808, in __iter__
    yield from iter(self._query)
  File "C:\Users\SOHAM\AppData\Local\Programs\Python\Python310\lib\site-packages\djongo\sql2mongo\query.py", line 166, in __iter__
    for doc in cursor:
  File "C:\Users\SOHAM\AppData\Local\Programs\Python\Python310\lib\site-packages\pymongo\synchronous\cursor.py", line 1166, in __next__
    return self.next()
  File "C:\Users\SOHAM\AppData\Local\Programs\Python\Python310\lib\site-packages\pymongo\synchronous\cursor.py", line 1142, in next
    if len(self._data) or self._refresh():
  File "C:\Users\SOHAM\AppData\Local\Programs\Python\Python310\lib\site-packages\pymongo\synchronous\cursor.py", line 1090, in _refresh
    self._send_message(q)
  File "C:\Users\SOHAM\AppData\Local\Programs\Python\Python310\lib\site-packages\pymongo\synchronous\cursor.py", line 985, in _send_message
    response = client._run_operation(
  File "C:\Users\SOHAM\AppData\Local\Programs\Python\Python310\lib\site-packages\pymongo\_csot.py", line 125, in csot_wrapper
    return func(self, *args, **kwargs)
  File "C:\Users\SOHAM\AppData\Local\Programs\Python\Python310\lib\site-packages\pymongo\synchronous\mongo_client.py", line 1956, in _run_operation
    return self._retryable_read(
  File "C:\Users\SOHAM\AppData\Local\Programs\Python\Python310\lib\site-packages\pymongo\synchronous\mongo_client.py", line 2076, in _retryable_read
    return self._retry_internal(
  File "C:\Users\SOHAM\AppData\Local\Programs\Python\Python310\lib\site-packages\pymongo\_csot.py", line 125, in csot_wrapper
    return func(self, *args, **kwargs)
  File "C:\Users\SOHAM\AppData\Local\Programs\Python\Python310\lib\site-packages\pymongo\synchronous\mongo_client.py", line 2038, in _retry_internal
    ).run()
  File "C:\Users\SOHAM\AppData\Local\Programs\Python\Python310\lib\site-packages\pymongo\synchronous\mongo_client.py", line 2811, in run
    res = self._read() if self._is_read else self._write()
  File "C:\Users\SOHAM\AppData\Local\Programs\Python\Python310\lib\site-packages\pymongo\synchronous\mongo_client.py", line 3027, in _read
    self._server = self._get_server()
  File "C:\Users\SOHAM\AppData\Local\Programs\Python\Python310\lib\site-packages\pymongo\synchronous\mongo_client.py", line 2975, in _get_server
    return self._client._select_server(
  File "C:\Users\SOHAM\AppData\Local\Programs\Python\Python310\lib\site-packages\pymongo\synchronous\mongo_client.py", line 1851, in _select_server
    server = topology.select_server(
  File "C:\Users\SOHAM\AppData\Local\Programs\Python\Python310\lib\site-packages\pymongo\synchronous\topology.py", line 428, in select_server
    server = self._select_server(
  File "C:\Users\SOHAM\AppData\Local\Programs\Python\Python310\lib\site-packages\pymongo\synchronous\topology.py", line 402, in _select_server
    servers = self.select_servers(
  File "C:\Users\SOHAM\AppData\Local\Programs\Python\Python310\lib\site-packages\pymongo\synchronous\topology.py", line 298, in select_servers
    server_descriptions = self._select_servers_loop(
  File "C:\Users\SOHAM\AppData\Local\Programs\Python\Python310\lib\site-packages\pymongo\synchronous\topology.py", line 376, in _select_servers_loop
    self._ensure_opened()
  File "C:\Users\SOHAM\AppData\Local\Programs\Python\Python310\lib\site-packages\pymongo\synchronous\topology.py", line 812, in _ensure_opened
    raise InvalidOperation("Cannot use MongoClient after close")
pymongo.errors.InvalidOperation: Cannot use MongoClient after close

The above exception was the direct cause of the following exception:

Traceback (most recent call last):
  File "C:\Users\SOHAM\AppData\Local\Programs\Python\Python310\lib\site-packages\djongo\cursor.py", line 65, in fetchmany
    ret.append(self.result.next())
  File "C:\Users\SOHAM\AppData\Local\Programs\Python\Python310\lib\site-packages\djongo\sql2mongo\query.py", line 797, in __next__
    result = next(self._result_generator)
  File "C:\Users\SOHAM\AppData\Local\Programs\Python\Python310\lib\site-packages\djongo\sql2mongo\query.py", line 830, in __iter__
    raise exe from e
djongo.exceptions.SQLDecodeError: 

	Keyword: FAILED SQL: SELECT "core_user"."id", "core_user"."password", "core_user"."last_login", "core_user"."is_superuser", "core_user"."username", "core_user"."first_name", "core_user"."last_name", "core_user"."email", "core_user"."is_staff", "core_user"."is_active", "core_user"."date_joined", "core_user"."role", "core_user"."phone" FROM "core_user" WHERE "core_user"."id" = %(0)s LIMIT 21
Params: (1,)
Version: 1.3.6
	Sub SQL: None
	FAILED SQL: None
	Params: None
	Version: None

-----------------
Traceback (most recent call last):
  File "C:\Users\SOHAM\AppData\Local\Programs\Python\Python310\lib\site-packages\djongo\sql2mongo\query.py", line 808, in __iter__
    yield from iter(self._query)
  File "C:\Users\SOHAM\AppData\Local\Programs\Python\Python310\lib\site-packages\djongo\sql2mongo\query.py", line 166, in __iter__
    for doc in cursor:
  File "C:\Users\SOHAM\AppData\Local\Programs\Python\Python310\lib\site-packages\pymongo\synchronous\cursor.py", line 1166, in __next__
    return self.next()
  File "C:\Users\SOHAM\AppData\Local\Programs\Python\Python310\lib\site-packages\pymongo\synchronous\cursor.py", line 1142, in next
    if len(self._data) or self._refresh():
  File "C:\Users\SOHAM\AppData\Local\Programs\Python\Python310\lib\site-packages\pymongo\synchronous\cursor.py", line 1090, in _refresh
    self._send_message(q)
  File "C:\Users\SOHAM\AppData\Local\Programs\Python\Python310\lib\site-packages\pymongo\synchronous\cursor.py", line 985, in _send_message
    response = client._run_operation(
  File "C:\Users\SOHAM\AppData\Local\Programs\Python\Python310\lib\site-packages\pymongo\_csot.py", line 125, in csot_wrapper
    return func(self, *args, **kwargs)
  File "C:\Users\SOHAM\AppData\Local\Programs\Python\Python310\lib\site-packages\pymongo\synchronous\mongo_client.py", line 1956, in _run_operation
    return self._retryable_read(
  File "C:\Users\SOHAM\AppData\Local\Programs\Python\Python310\lib\site-packages\pymongo\synchronous\mongo_client.py", line 2076, in _retryable_read
    return self._retry_internal(
  File "C:\Users\SOHAM\AppData\Local\Programs\Python\Python310\lib\site-packages\pymongo\_csot.py", line 125, in csot_wrapper
    return func(self, *args, **kwargs)
  File "C:\Users\SOHAM\AppData\Local\Programs\Python\Python310\lib\site-packages\pymongo\synchronous\mongo_client.py", line 2038, in _retry_internal
    ).run()
  File "C:\Users\SOHAM\AppData\Local\Programs\Python\Python310\lib\site-packages\pymongo\synchronous\mongo_client.py", line 2811, in run
    res = self._read() if self._is_read else self._write()
  File "C:\Users\SOHAM\AppData\Local\Programs\Python\Python310\lib\site-packages\pymongo\synchronous\mongo_client.py", line 3027, in _read
    self._server = self._get_server()
  File "C:\Users\SOHAM\AppData\Local\Programs\Python\Python310\lib\site-packages\pymongo\synchronous\mongo_client.py", line 2975, in _get_server
    return self._client._select_server(
  File "C:\Users\SOHAM\AppData\Local\Programs\Python\Python310\lib\site-packages\pymongo\synchronous\mongo_client.py", line 1851, in _select_server
    server = topology.select_server(
  File "C:\Users\SOHAM\AppData\Local\Programs\Python\Python310\lib\site-packages\pymongo\synchronous\topology.py", line 428, in select_server
    server = self._select_server(
  File "C:\Users\SOHAM\AppData\Local\Programs\Python\Python310\lib\site-packages\pymongo\synchronous\topology.py", line 402, in _select_server
    servers = self.select_servers(
  File "C:\Users\SOHAM\AppData\Local\Programs\Python\Python310\lib\site-packages\pymongo\synchronous\topology.py", line 298, in select_servers
    server_descriptions = self._select_servers_loop(
  File "C:\Users\SOHAM\AppData\Local\Programs\Python\Python310\lib\site-packages\pymongo\synchronous\topology.py", line 376, in _select_servers_loop
    self._ensure_opened()
  File "C:\Users\SOHAM\AppData\Local\Programs\Python\Python310\lib\site-packages\pymongo\synchronous\topology.py", line 812, in _ensure_opened
    raise InvalidOperation("Cannot use MongoClient after close")
pymongo.errors.InvalidOperation: Cannot use MongoClient after close

The above exception was the direct cause of the following exception:

Traceback (most recent call last):
  File "C:\Users\SOHAM\AppData\Local\Programs\Python\Python310\lib\site-packages\djongo\cursor.py", line 65, in fetchmany
    ret.append(self.result.next())
  File "C:\Users\SOHAM\AppData\Local\Programs\Python\Python310\lib\site-packages\djongo\sql2mongo\query.py", line 797, in __next__
    result = next(self._result_generator)
  File "C:\Users\SOHAM\AppData\Local\Programs\Python\Python310\lib\site-packages\djongo\sql2mongo\query.py", line 830, in __iter__
    raise exe from e
djongo.exceptions.SQLDecodeError: 

	Keyword: FAILED SQL: SELECT "core_user"."id", "core_user"."password", "core_user"."last_login", "core_user"."is_superuser", "core_user"."username", "core_user"."first_name", "core_user"."last_name", "core_user"."email", "core_user"."is_staff", "core_user"."is_active", "core_user"."date_joined", "core_user"."role", "core_user"."phone" FROM "core_user" WHERE "core_user"."id" = %(0)s LIMIT 21
Params: (1,)
Version: 1.3.6
	Sub SQL: None
	FAILED SQL: None
	Params: None
	Version: None

-----------------
Traceback (most recent call last):
  File "C:\Users\SOHAM\AppData\Local\Programs\Python\Python310\lib\site-packages\djongo\sql2mongo\query.py", line 808, in __iter__
    yield from iter(self._query)
  File "C:\Users\SOHAM\AppData\Local\Programs\Python\Python310\lib\site-packages\djongo\sql2mongo\query.py", line 166, in __iter__
    for doc in cursor:
  File "C:\Users\SOHAM\AppData\Local\Programs\Python\Python310\lib\site-packages\pymongo\synchronous\cursor.py", line 1166, in __next__
    return self.next()
  File "C:\Users\SOHAM\AppData\Local\Programs\Python\Python310\lib\site-packages\pymongo\synchronous\cursor.py", line 1142, in next
    if len(self._data) or self._refresh():
  File "C:\Users\SOHAM\AppData\Local\Programs\Python\Python310\lib\site-packages\pymongo\synchronous\cursor.py", line 1090, in _refresh
    self._send_message(q)
  File "C:\Users\SOHAM\AppData\Local\Programs\Python\Python310\lib\site-packages\pymongo\synchronous\cursor.py", line 985, in _send_message
    response = client._run_operation(
  File "C:\Users\SOHAM\AppData\Local\Programs\Python\Python310\lib\site-packages\pymongo\_csot.py", line 125, in csot_wrapper
    return func(self, *args, **kwargs)
  File "C:\Users\SOHAM\AppData\Local\Programs\Python\Python310\lib\site-packages\pymongo\synchronous\mongo_client.py", line 1956, in _run_operation
    return self._retryable_read(
  File "C:\Users\SOHAM\AppData\Local\Programs\Python\Python310\lib\site-packages\pymongo\synchronous\mongo_client.py", line 2076, in _retryable_read
    return self._retry_internal(
  File "C:\Users\SOHAM\AppData\Local\Programs\Python\Python310\lib\site-packages\pymongo\_csot.py", line 125, in csot_wrapper
    return func(self, *args, **kwargs)
  File "C:\Users\SOHAM\AppData\Local\Programs\Python\Python310\lib\site-packages\pymongo\synchronous\mongo_client.py", line 2038, in _retry_internal
    ).run()
  File "C:\Users\SOHAM\AppData\Local\Programs\Python\Python310\lib\site-packages\pymongo\synchronous\mongo_client.py", line 2811, in run
    res = self._read() if self._is_read else self._write()
  File "C:\Users\SOHAM\AppData\Local\Programs\Python\Python310\lib\site-packages\pymongo\synchronous\mongo_client.py", line 3027, in _read
    self._server = self._get_server()
  File "C:\Users\SOHAM\AppData\Local\Programs\Python\Python310\lib\site-packages\pymongo\synchronous\mongo_client.py", line 2975, in _get_server
    return self._client._select_server(
  File "C:\Users\SOHAM\AppData\Local\Programs\Python\Python310\lib\site-packages\pymongo\synchronous\mongo_client.py", line 1851, in _select_server
    server = topology.select_server(
  File "C:\Users\SOHAM\AppData\Local\Programs\Python\Python310\lib\site-packages\pymongo\synchronous\topology.py", line 428, in select_server
    server = self._select_server(
  File "C:\Users\SOHAM\AppData\Local\Programs\Python\Python310\lib\site-packages\pymongo\synchronous\topology.py", line 402, in _select_server
    servers = self.select_servers(
  File "C:\Users\SOHAM\AppData\Local\Programs\Python\Python310\lib\site-packages\pymongo\synchronous\topology.py", line 298, in select_servers
    server_descriptions = self._select_servers_loop(
  File "C:\Users\SOHAM\AppData\Local\Programs\Python\Python310\lib\site-packages\pymongo\synchronous\topology.py", line 376, in _select_servers_loop
    self._ensure_opened()
  File "C:\Users\SOHAM\AppData\Local\Programs\Python\Python310\lib\site-packages\pymongo\synchronous\topology.py", line 812, in _ensure_opened
    raise InvalidOperation("Cannot use MongoClient after close")
pymongo.errors.InvalidOperation: Cannot use MongoClient after close

The above exception was the direct cause of the following exception:

Traceback (most recent call last):
  File "C:\Users\SOHAM\AppData\Local\Programs\Python\Python310\lib\site-packages\djongo\cursor.py", line 65, in fetchmany
    ret.append(self.result.next())
  File "C:\Users\SOHAM\AppData\Local\Programs\Python\Python310\lib\site-packages\djongo\sql2mongo\query.py", line 797, in __next__
    result = next(self._result_generator)
  File "C:\Users\SOHAM\AppData\Local\Programs\Python\Python310\lib\site-packages\djongo\sql2mongo\query.py", line 830, in __iter__
    raise exe from e
djongo.exceptions.SQLDecodeError: 

	Keyword: FAILED SQL: SELECT "core_user"."id", "core_user"."password", "core_user"."last_login", "core_user"."is_superuser", "core_user"."username", "core_user"."first_name", "core_user"."last_name", "core_user"."email", "core_user"."is_staff", "core_user"."is_active", "core_user"."date_joined", "core_user"."role", "core_user"."phone" FROM "core_user" WHERE "core_user"."id" = %(0)s LIMIT 21
Params: (1,)
Version: 1.3.6
	Sub SQL: None
	FAILED SQL: None
	Params: None
	Version: None

-----------------
Traceback (most recent call last):
  File "C:\Users\SOHAM\AppData\Local\Programs\Python\Python310\lib\site-packages\djongo\sql2mongo\query.py", line 808, in __iter__
    yield from iter(self._query)
  File "C:\Users\SOHAM\AppData\Local\Programs\Python\Python310\lib\site-packages\djongo\sql2mongo\query.py", line 166, in __iter__
    for doc in cursor:
  File "C:\Users\SOHAM\AppData\Local\Programs\Python\Python310\lib\site-packages\pymongo\synchronous\cursor.py", line 1166, in __next__
    return self.next()
  File "C:\Users\SOHAM\AppData\Local\Programs\Python\Python310\lib\site-packages\pymongo\synchronous\cursor.py", line 1142, in next
    if len(self._data) or self._refresh():
  File "C:\Users\SOHAM\AppData\Local\Programs\Python\Python310\lib\site-packages\pymongo\synchronous\cursor.py", line 1090, in _refresh
    self._send_message(q)
  File "C:\Users\SOHAM\AppData\Local\Programs\Python\Python310\lib\site-packages\pymongo\synchronous\cursor.py", line 985, in _send_message
    response = client._run_operation(
  File "C:\Users\SOHAM\AppData\Local\Programs\Python\Python310\lib\site-packages\pymongo\_csot.py", line 125, in csot_wrapper
    return func(self, *args, **kwargs)
  File "C:\Users\SOHAM\AppData\Local\Programs\Python\Python310\lib\site-packages\pymongo\synchronous\mongo_client.py", line 1956, in _run_operation
    return self._retryable_read(
  File "C:\Users\SOHAM\AppData\Local\Programs\Python\Python310\lib\site-packages\pymongo\synchronous\mongo_client.py", line 2076, in _retryable_read
    return self._retry_internal(
  File "C:\Users\SOHAM\AppData\Local\Programs\Python\Python310\lib\site-packages\pymongo\_csot.py", line 125, in csot_wrapper
    return func(self, *args, **kwargs)
  File "C:\Users\SOHAM\AppData\Local\Programs\Python\Python310\lib\site-packages\pymongo\synchronous\mongo_client.py", line 2038, in _retry_internal
    ).run()
  File "C:\Users\SOHAM\AppData\Local\Programs\Python\Python310\lib\site-packages\pymongo\synchronous\mongo_client.py", line 2811, in run
    res = self._read() if self._is_read else self._write()
  File "C:\Users\SOHAM\AppData\Local\Programs\Python\Python310\lib\site-packages\pymongo\synchronous\mongo_client.py", line 3027, in _read
    self._server = self._get_server()
  File "C:\Users\SOHAM\AppData\Local\Programs\Python\Python310\lib\site-packages\pymongo\synchronous\mongo_client.py", line 2975, in _get_server
    return self._client._select_server(
  File "C:\Users\SOHAM\AppData\Local\Programs\Python\Python310\lib\site-packages\pymongo\synchronous\mongo_client.py", line 1851, in _select_server
    server = topology.select_server(
  File "C:\Users\SOHAM\AppData\Local\Programs\Python\Python310\lib\site-packages\pymongo\synchronous\topology.py", line 428, in select_server
    server = self._select_server(
  File "C:\Users\SOHAM\AppData\Local\Programs\Python\Python310\lib\site-packages\pymongo\synchronous\topology.py", line 402, in _select_server
    servers = self.select_servers(
  File "C:\Users\SOHAM\AppData\Local\Programs\Python\Python310\lib\site-packages\pymongo\synchronous\topology.py", line 298, in select_servers
    server_descriptions = self._select_servers_loop(
  File "C:\Users\SOHAM\AppData\Local\Programs\Python\Python310\lib\site-packages\pymongo\synchronous\topology.py", line 376, in _select_servers_loop
    self._ensure_opened()
  File "C:\Users\SOHAM\AppData\Local\Programs\Python\Python310\lib\site-packages\pymongo\synchronous\topology.py", line 812, in _ensure_opened
    raise InvalidOperation("Cannot use MongoClient after close")
pymongo.errors.InvalidOperation: Cannot use MongoClient after close

The above exception was the direct cause of the following exception:

Traceback (most recent call last):
  File "C:\Users\SOHAM\AppData\Local\Programs\Python\Python310\lib\site-packages\djongo\cursor.py", line 65, in fetchmany
    ret.append(self.result.next())
  File "C:\Users\SOHAM\AppData\Local\Programs\Python\Python310\lib\site-packages\djongo\sql2mongo\query.py", line 797, in __next__
    result = next(self._result_generator)
  File "C:\Users\SOHAM\AppData\Local\Programs\Python\Python310\lib\site-packages\djongo\sql2mongo\query.py", line 830, in __iter__
    raise exe from e
djongo.exceptions.SQLDecodeError: 

	Keyword: FAILED SQL: SELECT "core_user"."id", "core_user"."password", "core_user"."last_login", "core_user"."is_superuser", "core_user"."username", "core_user"."first_name", "core_user"."last_name", "core_user"."email", "core_user"."is_staff", "core_user"."is_active", "core_user"."date_joined", "core_user"."role", "core_user"."phone" FROM "core_user" WHERE "core_user"."id" = %(0)s LIMIT 21
Params: (1,)
Version: 1.3.6
	Sub SQL: None
	FAILED SQL: None
	Params: None
	Version: None

-----------------
Traceback (most recent call last):
  File "C:\Users\SOHAM\AppData\Local\Programs\Python\Python310\lib\site-packages\djongo\sql2mongo\query.py", line 808, in __iter__
    yield from iter(self._query)
  File "C:\Users\SOHAM\AppData\Local\Programs\Python\Python310\lib\site-packages\djongo\sql2mongo\query.py", line 166, in __iter__
    for doc in cursor:
  File "C:\Users\SOHAM\AppData\Local\Programs\Python\Python310\lib\site-packages\pymongo\synchronous\cursor.py", line 1166, in __next__
    return self.next()
  File "C:\Users\SOHAM\AppData\Local\Programs\Python\Python310\lib\site-packages\pymongo\synchronous\cursor.py", line 1142, in next
    if len(self._data) or self._refresh():
  File "C:\Users\SOHAM\AppData\Local\Programs\Python\Python310\lib\site-packages\pymongo\synchronous\cursor.py", line 1090, in _refresh
    self._send_message(q)
  File "C:\Users\SOHAM\AppData\Local\Programs\Python\Python310\lib\site-packages\pymongo\synchronous\cursor.py", line 985, in _send_message
    response = client._run_operation(
  File "C:\Users\SOHAM\AppData\Local\Programs\Python\Python310\lib\site-packages\pymongo\_csot.py", line 125, in csot_wrapper
    return func(self, *args, **kwargs)
  File "C:\Users\SOHAM\AppData\Local\Programs\Python\Python310\lib\site-packages\pymongo\synchronous\mongo_client.py", line 1956, in _run_operation
    return self._retryable_read(
  File "C:\Users\SOHAM\AppData\Local\Programs\Python\Python310\lib\site-packages\pymongo\synchronous\mongo_client.py", line 2076, in _retryable_read
    return self._retry_internal(
  File "C:\Users\SOHAM\AppData\Local\Programs\Python\Python310\lib\site-packages\pymongo\_csot.py", line 125, in csot_wrapper
    return func(self, *args, **kwargs)
  File "C:\Users\SOHAM\AppData\Local\Programs\Python\Python310\lib\site-packages\pymongo\synchronous\mongo_client.py", line 2038, in _retry_internal
    ).run()
  File "C:\Users\SOHAM\AppData\Local\Programs\Python\Python310\lib\site-packages\pymongo\synchronous\mongo_client.py", line 2811, in run
    res = self._read() if self._is_read else self._write()
  File "C:\Users\SOHAM\AppData\Local\Programs\Python\Python310\lib\site-packages\pymongo\synchronous\mongo_client.py", line 3027, in _read
    self._server = self._get_server()
  File "C:\Users\SOHAM\AppData\Local\Programs\Python\Python310\lib\site-packages\pymongo\synchronous\mongo_client.py", line 2975, in _get_server
    return self._client._select_server(
  File "C:\Users\SOHAM\AppData\Local\Programs\Python\Python310\lib\site-packages\pymongo\synchronous\mongo_client.py", line 1851, in _select_server
    server = topology.select_server(
  File "C:\Users\SOHAM\AppData\Local\Programs\Python\Python310\lib\site-packages\pymongo\synchronous\topology.py", line 428, in select_server
    server = self._select_server(
  File "C:\Users\SOHAM\AppData\Local\Programs\Python\Python310\lib\site-packages\pymongo\synchronous\topology.py", line 402, in _select_server
    servers = self.select_servers(
  File "C:\Users\SOHAM\AppData\Local\Programs\Python\Python310\lib\site-packages\pymongo\synchronous\topology.py", line 298, in select_servers
    server_descriptions = self._select_servers_loop(
  File "C:\Users\SOHAM\AppData\Local\Programs\Python\Python310\lib\site-packages\pymongo\synchronous\topology.py", line 376, in _select_servers_loop
    self._ensure_opened()
  File "C:\Users\SOHAM\AppData\Local\Programs\Python\Python310\lib\site-packages\pymongo\synchronous\topology.py", line 812, in _ensure_opened
    raise InvalidOperation("Cannot use MongoClient after close")
pymongo.errors.InvalidOperation: Cannot use MongoClient after close

The above exception was the direct cause of the following exception:

Traceback (most recent call last):
  File "C:\Users\SOHAM\AppData\Local\Programs\Python\Python310\lib\site-packages\djongo\cursor.py", line 65, in fetchmany
    ret.append(self.result.next())
  File "C:\Users\SOHAM\AppData\Local\Programs\Python\Python310\lib\site-packages\djongo\sql2mongo\query.py", line 797, in __next__
    result = next(self._result_generator)
  File "C:\Users\SOHAM\AppData\Local\Programs\Python\Python310\lib\site-packages\djongo\sql2mongo\query.py", line 830, in __iter__
    raise exe from e
djongo.exceptions.SQLDecodeError: 

	Keyword: FAILED SQL: SELECT "core_user"."id", "core_user"."password", "core_user"."last_login", "core_user"."is_superuser", "core_user"."username", "core_user"."first_name", "core_user"."last_name", "core_user"."email", "core_user"."is_staff", "core_user"."is_active", "core_user"."date_joined", "core_user"."role", "core_user"."phone" FROM "core_user" WHERE "core_user"."id" = %(0)s LIMIT 21
Params: (1,)
Version: 1.3.6
	Sub SQL: None
	FAILED SQL: None
	Params: None
	Version: None

-----------------
Traceback (most recent call last):
  File "C:\Users\SOHAM\AppData\Local\Programs\Python\Python310\lib\site-packages\djongo\sql2mongo\query.py", line 808, in __iter__
    yield from iter(self._query)
  File "C:\Users\SOHAM\AppData\Local\Programs\Python\Python310\lib\site-packages\djongo\sql2mongo\query.py", line 166, in __iter__
    for doc in cursor:
  File "C:\Users\SOHAM\AppData\Local\Programs\Python\Python310\lib\site-packages\pymongo\synchronous\cursor.py", line 1166, in __next__
    return self.next()
  File "C:\Users\SOHAM\AppData\Local\Programs\Python\Python310\lib\site-packages\pymongo\synchronous\cursor.py", line 1142, in next
    if len(self._data) or self._refresh():
  File "C:\Users\SOHAM\AppData\Local\Programs\Python\Python310\lib\site-packages\pymongo\synchronous\cursor.py", line 1090, in _refresh
    self._send_message(q)
  File "C:\Users\SOHAM\AppData\Local\Programs\Python\Python310\lib\site-packages\pymongo\synchronous\cursor.py", line 985, in _send_message
    response = client._run_operation(
  File "C:\Users\SOHAM\AppData\Local\Programs\Python\Python310\lib\site-packages\pymongo\_csot.py", line 125, in csot_wrapper
    return func(self, *args, **kwargs)
  File "C:\Users\SOHAM\AppData\Local\Programs\Python\Python310\lib\site-packages\pymongo\synchronous\mongo_client.py", line 1956, in _run_operation
    return self._retryable_read(
  File "C:\Users\SOHAM\AppData\Local\Programs\Python\Python310\lib\site-packages\pymongo\synchronous\mongo_client.py", line 2076, in _retryable_read
    return self._retry_internal(
  File "C:\Users\SOHAM\AppData\Local\Programs\Python\Python310\lib\site-packages\pymongo\_csot.py", line 125, in csot_wrapper
    return func(self, *args, **kwargs)
  File "C:\Users\SOHAM\AppData\Local\Programs\Python\Python310\lib\site-packages\pymongo\synchronous\mongo_client.py", line 2038, in _retry_internal
    ).run()
  File "C:\Users\SOHAM\AppData\Local\Programs\Python\Python310\lib\site-packages\pymongo\synchronous\mongo_client.py", line 2811, in run
    res = self._read() if self._is_read else self._write()
  File "C:\Users\SOHAM\AppData\Local\Programs\Python\Python310\lib\site-packages\pymongo\synchronous\mongo_client.py", line 3027, in _read
    self._server = self._get_server()
  File "C:\Users\SOHAM\AppData\Local\Programs\Python\Python310\lib\site-packages\pymongo\synchronous\mongo_client.py", line 2975, in _get_server
    return self._client._select_server(
  File "C:\Users\SOHAM\AppData\Local\Programs\Python\Python310\lib\site-packages\pymongo\synchronous\mongo_client.py", line 1851, in _select_server
    server = topology.select_server(
  File "C:\Users\SOHAM\AppData\Local\Programs\Python\Python310\lib\site-packages\pymongo\synchronous\topology.py", line 428, in select_server
    server = self._select_server(
  File "C:\Users\SOHAM\AppData\Local\Programs\Python\Python310\lib\site-packages\pymongo\synchronous\topology.py", line 402, in _select_server
    servers = self.select_servers(
  File "C:\Users\SOHAM\AppData\Local\Programs\Python\Python310\lib\site-packages\pymongo\synchronous\topology.py", line 298, in select_servers
    server_descriptions = self._select_servers_loop(
  File "C:\Users\SOHAM\AppData\Local\Programs\Python\Python310\lib\site-packages\pymongo\synchronous\topology.py", line 376, in _select_servers_loop
    self._ensure_opened()
  File "C:\Users\SOHAM\AppData\Local\Programs\Python\Python310\lib\site-packages\pymongo\synchronous\topology.py", line 812, in _ensure_opened
    raise InvalidOperation("Cannot use MongoClient after close")
pymongo.errors.InvalidOperation: Cannot use MongoClient after close

The above exception was the direct cause of the following exception:

Traceback (most recent call last):
  File "C:\Users\SOHAM\AppData\Local\Programs\Python\Python310\lib\site-packages\djongo\cursor.py", line 65, in fetchmany
    ret.append(self.result.next())
  File "C:\Users\SOHAM\AppData\Local\Programs\Python\Python310\lib\site-packages\djongo\sql2mongo\query.py", line 797, in __next__
    result = next(self._result_generator)
  File "C:\Users\SOHAM\AppData\Local\Programs\Python\Python310\lib\site-packages\djongo\sql2mongo\query.py", line 830, in __iter__
    raise exe from e
djongo.exceptions.SQLDecodeError: 

	Keyword: FAILED SQL: SELECT "core_user"."id", "core_user"."password", "core_user"."last_login", "core_user"."is_superuser", "core_user"."username", "core_user"."first_name", "core_user"."last_name", "core_user"."email", "core_user"."is_staff", "core_user"."is_active", "core_user"."date_joined", "core_user"."role", "core_user"."phone" FROM "core_user" WHERE "core_user"."id" = %(0)s LIMIT 21
Params: (1,)
Version: 1.3.6
	Sub SQL: None
	FAILED SQL: None
	Params: None
	Version: None

-----------------
Traceback (most recent call last):
  File "C:\Users\SOHAM\AppData\Local\Programs\Python\Python310\lib\site-packages\djongo\sql2mongo\query.py", line 808, in __iter__
    yield from iter(self._query)
  File "C:\Users\SOHAM\AppData\Local\Programs\Python\Python310\lib\site-packages\djongo\sql2mongo\query.py", line 166, in __iter__
    for doc in cursor:
  File "C:\Users\SOHAM\AppData\Local\Programs\Python\Python310\lib\site-packages\pymongo\synchronous\cursor.py", line 1166, in __next__
    return self.next()
  File "C:\Users\SOHAM\AppData\Local\Programs\Python\Python310\lib\site-packages\pymongo\synchronous\cursor.py", line 1142, in next
    if len(self._data) or self._refresh():
  File "C:\Users\SOHAM\AppData\Local\Programs\Python\Python310\lib\site-packages\pymongo\synchronous\cursor.py", line 1090, in _refresh
    self._send_message(q)
  File "C:\Users\SOHAM\AppData\Local\Programs\Python\Python310\lib\site-packages\pymongo\synchronous\cursor.py", line 985, in _send_message
    response = client._run_operation(
  File "C:\Users\SOHAM\AppData\Local\Programs\Python\Python310\lib\site-packages\pymongo\_csot.py", line 125, in csot_wrapper
    return func(self, *args, **kwargs)
  File "C:\Users\SOHAM\AppData\Local\Programs\Python\Python310\lib\site-packages\pymongo\synchronous\mongo_client.py", line 1956, in _run_operation
    return self._retryable_read(
  File "C:\Users\SOHAM\AppData\Local\Programs\Python\Python310\lib\site-packages\pymongo\synchronous\mongo_client.py", line 2076, in _retryable_read
    return self._retry_internal(
  File "C:\Users\SOHAM\AppData\Local\Programs\Python\Python310\lib\site-packages\pymongo\_csot.py", line 125, in csot_wrapper
    return func(self, *args, **kwargs)
  File "C:\Users\SOHAM\AppData\Local\Programs\Python\Python310\lib\site-packages\pymongo\synchronous\mongo_client.py", line 2038, in _retry_internal
    ).run()
  File "C:\Users\SOHAM\AppData\Local\Programs\Python\Python310\lib\site-packages\pymongo\synchronous\mongo_client.py", line 2811, in run
    res = self._read() if self._is_read else self._write()
  File "C:\Users\SOHAM\AppData\Local\Programs\Python\Python310\lib\site-packages\pymongo\synchronous\mongo_client.py", line 3027, in _read
    self._server = self._get_server()
  File "C:\Users\SOHAM\AppData\Local\Programs\Python\Python310\lib\site-packages\pymongo\synchronous\mongo_client.py", line 2975, in _get_server
    return self._client._select_server(
  File "C:\Users\SOHAM\AppData\Local\Programs\Python\Python310\lib\site-packages\pymongo\synchronous\mongo_client.py", line 1851, in _select_server
    server = topology.select_server(
  File "C:\Users\SOHAM\AppData\Local\Programs\Python\Python310\lib\site-packages\pymongo\synchronous\topology.py", line 428, in select_server
    server = self._select_server(
  File "C:\Users\SOHAM\AppData\Local\Programs\Python\Python310\lib\site-packages\pymongo\synchronous\topology.py", line 402, in _select_server
    servers = self.select_servers(
  File "C:\Users\SOHAM\AppData\Local\Programs\Python\Python310\lib\site-packages\pymongo\synchronous\topology.py", line 298, in select_servers
    server_descriptions = self._select_servers_loop(
  File "C:\Users\SOHAM\AppData\Local\Programs\Python\Python310\lib\site-packages\pymongo\synchronous\topology.py", line 376, in _select_servers_loop
    self._ensure_opened()
  File "C:\Users\SOHAM\AppData\Local\Programs\Python\Python310\lib\site-packages\pymongo\synchronous\topology.py", line 812, in _ensure_opened
    raise InvalidOperation("Cannot use MongoClient after close")
pymongo.errors.InvalidOperation: Cannot use MongoClient after close

The above exception was the direct cause of the following exception:

Traceback (most recent call last):
  File "C:\Users\SOHAM\AppData\Local\Programs\Python\Python310\lib\site-packages\djongo\cursor.py", line 65, in fetchmany
    ret.append(self.result.next())
  File "C:\Users\SOHAM\AppData\Local\Programs\Python\Python310\lib\site-packages\djongo\sql2mongo\query.py", line 797, in __next__
    result = next(self._result_generator)
  File "C:\Users\SOHAM\AppData\Local\Programs\Python\Python310\lib\site-packages\djongo\sql2mongo\query.py", line 830, in __iter__
    raise exe from e
djongo.exceptions.SQLDecodeError: 

	Keyword: FAILED SQL: SELECT "core_user"."id", "core_user"."password", "core_user"."last_login", "core_user"."is_superuser", "core_user"."username", "core_user"."first_name", "core_user"."last_name", "core_user"."email", "core_user"."is_staff", "core_user"."is_active", "core_user"."date_joined", "core_user"."role", "core_user"."phone" FROM "core_user" WHERE "core_user"."id" = %(0)s LIMIT 21
Params: (1,)
Version: 1.3.6
	Sub SQL: None
	FAILED SQL: None
	Params: None
	Version: None

-----------------
Traceback (most recent call last):
  File "C:\Users\SOHAM\AppData\Local\Programs\Python\Python310\lib\site-packages\djongo\sql2mongo\query.py", line 808, in __iter__
    yield from iter(self._query)
  File "C:\Users\SOHAM\AppData\Local\Programs\Python\Python310\lib\site-packages\djongo\sql2mongo\query.py", line 166, in __iter__
    for doc in cursor:
  File "C:\Users\SOHAM\AppData\Local\Programs\Python\Python310\lib\site-packages\pymongo\synchronous\cursor.py", line 1166, in __next__
    return self.next()
  File "C:\Users\SOHAM\AppData\Local\Programs\Python\Python310\lib\site-packages\pymongo\synchronous\cursor.py", line 1142, in next
    if len(self._data) or self._refresh():
  File "C:\Users\SOHAM\AppData\Local\Programs\Python\Python310\lib\site-packages\pymongo\synchronous\cursor.py", line 1090, in _refresh
    self._send_message(q)
  File "C:\Users\SOHAM\AppData\Local\Programs\Python\Python310\lib\site-packages\pymongo\synchronous\cursor.py", line 985, in _send_message
    response = client._run_operation(
  File "C:\Users\SOHAM\AppData\Local\Programs\Python\Python310\lib\site-packages\pymongo\_csot.py", line 125, in csot_wrapper
    return func(self, *args, **kwargs)
  File "C:\Users\SOHAM\AppData\Local\Programs\Python\Python310\lib\site-packages\pymongo\synchronous\mongo_client.py", line 1956, in _run_operation
    return self._retryable_read(
  File "C:\Users\SOHAM\AppData\Local\Programs\Python\Python310\lib\site-packages\pymongo\synchronous\mongo_client.py", line 2076, in _retryable_read
    return self._retry_internal(
  File "C:\Users\SOHAM\AppData\Local\Programs\Python\Python310\lib\site-packages\pymongo\_csot.py", line 125, in csot_wrapper
    return func(self, *args, **kwargs)
  File "C:\Users\SOHAM\AppData\Local\Programs\Python\Python310\lib\site-packages\pymongo\synchronous\mongo_client.py", line 2038, in _retry_internal
    ).run()
  File "C:\Users\SOHAM\AppData\Local\Programs\Python\Python310\lib\site-packages\pymongo\synchronous\mongo_client.py", line 2811, in run
    res = self._read() if self._is_read else self._write()
  File "C:\Users\SOHAM\AppData\Local\Programs\Python\Python310\lib\site-packages\pymongo\synchronous\mongo_client.py", line 3027, in _read
    self._server = self._get_server()
  File "C:\Users\SOHAM\AppData\Local\Programs\Python\Python310\lib\site-packages\pymongo\synchronous\mongo_client.py", line 2975, in _get_server
    return self._client._select_server(
  File "C:\Users\SOHAM\AppData\Local\Programs\Python\Python310\lib\site-packages\pymongo\synchronous\mongo_client.py", line 1851, in _select_server
    server = topology.select_server(
  File "C:\Users\SOHAM\AppData\Local\Programs\Python\Python310\lib\site-packages\pymongo\synchronous\topology.py", line 428, in select_server
    server = self._select_server(
  File "C:\Users\SOHAM\AppData\Local\Programs\Python\Python310\lib\site-packages\pymongo\synchronous\topology.py", line 402, in _select_server
    servers = self.select_servers(
  File "C:\Users\SOHAM\AppData\Local\Programs\Python\Python310\lib\site-packages\pymongo\synchronous\topology.py", line 298, in select_servers
    server_descriptions = self._select_servers_loop(
  File "C:\Users\SOHAM\AppData\Local\Programs\Python\Python310\lib\site-packages\pymongo\synchronous\topology.py", line 376, in _select_servers_loop
    self._ensure_opened()
  File "C:\Users\SOHAM\AppData\Local\Programs\Python\Python310\lib\site-packages\pymongo\synchronous\topology.py", line 812, in _ensure_opened
    raise InvalidOperation("Cannot use MongoClient after close")
pymongo.errors.InvalidOperation: Cannot use MongoClient after close

The above exception was the direct cause of the following exception:

Traceback (most recent call last):
  File "C:\Users\SOHAM\AppData\Local\Programs\Python\Python310\lib\site-packages\djongo\cursor.py", line 65, in fetchmany
    ret.append(self.result.next())
  File "C:\Users\SOHAM\AppData\Local\Programs\Python\Python310\lib\site-packages\djongo\sql2mongo\query.py", line 797, in __next__
    result = next(self._result_generator)
  File "C:\Users\SOHAM\AppData\Local\Programs\Python\Python310\lib\site-packages\djongo\sql2mongo\query.py", line 830, in __iter__
    raise exe from e
djongo.exceptions.SQLDecodeError: 

	Keyword: FAILED SQL: SELECT "core_user"."id", "core_user"."password", "core_user"."last_login", "core_user"."is_superuser", "core_user"."username", "core_user"."first_name", "core_user"."last_name", "core_user"."email", "core_user"."is_staff", "core_user"."is_active", "core_user"."date_joined", "core_user"."role", "core_user"."phone" FROM "core_user" WHERE "core_user"."id" = %(0)s LIMIT 21
Params: (1,)
Version: 1.3.6
	Sub SQL: None
	FAILED SQL: None
	Params: None
	Version: None

-----------------
Traceback (most recent call last):
  File "C:\Users\SOHAM\AppData\Local\Programs\Python\Python310\lib\site-packages\djongo\sql2mongo\query.py", line 808, in __iter__
    yield from iter(self._query)
  File "C:\Users\SOHAM\AppData\Local\Programs\Python\Python310\lib\site-packages\djongo\sql2mongo\query.py", line 166, in __iter__
    for doc in cursor:
  File "C:\Users\SOHAM\AppData\Local\Programs\Python\Python310\lib\site-packages\pymongo\synchronous\cursor.py", line 1166, in __next__
    return self.next()
  File "C:\Users\SOHAM\AppData\Local\Programs\Python\Python310\lib\site-packages\pymongo\synchronous\cursor.py", line 1142, in next
    if len(self._data) or self._refresh():
  File "C:\Users\SOHAM\AppData\Local\Programs\Python\Python310\lib\site-packages\pymongo\synchronous\cursor.py", line 1090, in _refresh
    self._send_message(q)
  File "C:\Users\SOHAM\AppData\Local\Programs\Python\Python310\lib\site-packages\pymongo\synchronous\cursor.py", line 985, in _send_message
    response = client._run_operation(
  File "C:\Users\SOHAM\AppData\Local\Programs\Python\Python310\lib\site-packages\pymongo\_csot.py", line 125, in csot_wrapper
    return func(self, *args, **kwargs)
  File "C:\Users\SOHAM\AppData\Local\Programs\Python\Python310\lib\site-packages\pymongo\synchronous\mongo_client.py", line 1956, in _run_operation
    return self._retryable_read(
  File "C:\Users\SOHAM\AppData\Local\Programs\Python\Python310\lib\site-packages\pymongo\synchronous\mongo_client.py", line 2076, in _retryable_read
    return self._retry_internal(
  File "C:\Users\SOHAM\AppData\Local\Programs\Python\Python310\lib\site-packages\pymongo\_csot.py", line 125, in csot_wrapper
    return func(self, *args, **kwargs)
  File "C:\Users\SOHAM\AppData\Local\Programs\Python\Python310\lib\site-packages\pymongo\synchronous\mongo_client.py", line 2038, in _retry_internal
    ).run()
  File "C:\Users\SOHAM\AppData\Local\Programs\Python\Python310\lib\site-packages\pymongo\synchronous\mongo_client.py", line 2811, in run
    res = self._read() if self._is_read else self._write()
  File "C:\Users\SOHAM\AppData\Local\Programs\Python\Python310\lib\site-packages\pymongo\synchronous\mongo_client.py", line 3027, in _read
    self._server = self._get_server()
  File "C:\Users\SOHAM\AppData\Local\Programs\Python\Python310\lib\site-packages\pymongo\synchronous\mongo_client.py", line 2975, in _get_server
    return self._client._select_server(
  File "C:\Users\SOHAM\AppData\Local\Programs\Python\Python310\lib\site-packages\pymongo\synchronous\mongo_client.py", line 1851, in _select_server
    server = topology.select_server(
  File "C:\Users\SOHAM\AppData\Local\Programs\Python\Python310\lib\site-packages\pymongo\synchronous\topology.py", line 428, in select_server
    server = self._select_server(
  File "C:\Users\SOHAM\AppData\Local\Programs\Python\Python310\lib\site-packages\pymongo\synchronous\topology.py", line 402, in _select_server
    servers = self.select_servers(
  File "C:\Users\SOHAM\AppData\Local\Programs\Python\Python310\lib\site-packages\pymongo\synchronous\topology.py", line 298, in select_servers
    server_descriptions = self._select_servers_loop(
  File "C:\Users\SOHAM\AppData\Local\Programs\Python\Python310\lib\site-packages\pymongo\synchronous\topology.py", line 376, in _select_servers_loop
    self._ensure_opened()
  File "C:\Users\SOHAM\AppData\Local\Programs\Python\Python310\lib\site-packages\pymongo\synchronous\topology.py", line 812, in _ensure_opened
    raise InvalidOperation("Cannot use MongoClient after close")
pymongo.errors.InvalidOperation: Cannot use MongoClient after close

The above exception was the direct cause of the following exception:

Traceback (most recent call last):
  File "C:\Users\SOHAM\AppData\Local\Programs\Python\Python310\lib\site-packages\djongo\cursor.py", line 65, in fetchmany
    ret.append(self.result.next())
  File "C:\Users\SOHAM\AppData\Local\Programs\Python\Python310\lib\site-packages\djongo\sql2mongo\query.py", line 797, in __next__
    result = next(self._result_generator)
  File "C:\Users\SOHAM\AppData\Local\Programs\Python\Python310\lib\site-packages\djongo\sql2mongo\query.py", line 830, in __iter__
    raise exe from e
djongo.exceptions.SQLDecodeError: 

	Keyword: FAILED SQL: SELECT "core_user"."id", "core_user"."password", "core_user"."last_login", "core_user"."is_superuser", "core_user"."username", "core_user"."first_name", "core_user"."last_name", "core_user"."email", "core_user"."is_staff", "core_user"."is_active", "core_user"."date_joined", "core_user"."role", "core_user"."phone" FROM "core_user" WHERE "core_user"."id" = %(0)s LIMIT 21
Params: (1,)
Version: 1.3.6
	Sub SQL: None
	FAILED SQL: None
	Params: None
	Version: None

-----------------
Traceback (most recent call last):
  File "C:\Users\SOHAM\AppData\Local\Programs\Python\Python310\lib\site-packages\djongo\sql2mongo\query.py", line 808, in __iter__
    yield from iter(self._query)
  File "C:\Users\SOHAM\AppData\Local\Programs\Python\Python310\lib\site-packages\djongo\sql2mongo\query.py", line 166, in __iter__
    for doc in cursor:
  File "C:\Users\SOHAM\AppData\Local\Programs\Python\Python310\lib\site-packages\pymongo\synchronous\cursor.py", line 1166, in __next__
    return self.next()
  File "C:\Users\SOHAM\AppData\Local\Programs\Python\Python310\lib\site-packages\pymongo\synchronous\cursor.py", line 1142, in next
    if len(self._data) or self._refresh():
  File "C:\Users\SOHAM\AppData\Local\Programs\Python\Python310\lib\site-packages\pymongo\synchronous\cursor.py", line 1090, in _refresh
    self._send_message(q)
  File "C:\Users\SOHAM\AppData\Local\Programs\Python\Python310\lib\site-packages\pymongo\synchronous\cursor.py", line 985, in _send_message
    response = client._run_operation(
  File "C:\Users\SOHAM\AppData\Local\Programs\Python\Python310\lib\site-packages\pymongo\_csot.py", line 125, in csot_wrapper
    return func(self, *args, **kwargs)
  File "C:\Users\SOHAM\AppData\Local\Programs\Python\Python310\lib\site-packages\pymongo\synchronous\mongo_client.py", line 1956, in _run_operation
    return self._retryable_read(
  File "C:\Users\SOHAM\AppData\Local\Programs\Python\Python310\lib\site-packages\pymongo\synchronous\mongo_client.py", line 2076, in _retryable_read
    return self._retry_internal(
  File "C:\Users\SOHAM\AppData\Local\Programs\Python\Python310\lib\site-packages\pymongo\_csot.py", line 125, in csot_wrapper
    return func(self, *args, **kwargs)
  File "C:\Users\SOHAM\AppData\Local\Programs\Python\Python310\lib\site-packages\pymongo\synchronous\mongo_client.py", line 2038, in _retry_internal
    ).run()
  File "C:\Users\SOHAM\AppData\Local\Programs\Python\Python310\lib\site-packages\pymongo\synchronous\mongo_client.py", line 2811, in run
    res = self._read() if self._is_read else self._write()
  File "C:\Users\SOHAM\AppData\Local\Programs\Python\Python310\lib\site-packages\pymongo\synchronous\mongo_client.py", line 3027, in _read
    self._server = self._get_server()
  File "C:\Users\SOHAM\AppData\Local\Programs\Python\Python310\lib\site-packages\pymongo\synchronous\mongo_client.py", line 2975, in _get_server
    return self._client._select_server(
  File "C:\Users\SOHAM\AppData\Local\Programs\Python\Python310\lib\site-packages\pymongo\synchronous\mongo_client.py", line 1851, in _select_server
    server = topology.select_server(
  File "C:\Users\SOHAM\AppData\Local\Programs\Python\Python310\lib\site-packages\pymongo\synchronous\topology.py", line 428, in select_server
    server = self._select_server(
  File "C:\Users\SOHAM\AppData\Local\Programs\Python\Python310\lib\site-packages\pymongo\synchronous\topology.py", line 402, in _select_server
    servers = self.select_servers(
  File "C:\Users\SOHAM\AppData\Local\Programs\Python\Python310\lib\site-packages\pymongo\synchronous\topology.py", line 298, in select_servers
    server_descriptions = self._select_servers_loop(
  File "C:\Users\SOHAM\AppData\Local\Programs\Python\Python310\lib\site-packages\pymongo\synchronous\topology.py", line 376, in _select_servers_loop
    self._ensure_opened()
  File "C:\Users\SOHAM\AppData\Local\Programs\Python\Python310\lib\site-packages\pymongo\synchronous\topology.py", line 812, in _ensure_opened
    raise InvalidOperation("Cannot use MongoClient after close")
pymongo.errors.InvalidOperation: Cannot use MongoClient after close

The above exception was the direct cause of the following exception:

Traceback (most recent call last):
  File "C:\Users\SOHAM\AppData\Local\Programs\Python\Python310\lib\site-packages\djongo\cursor.py", line 65, in fetchmany
    ret.append(self.result.next())
  File "C:\Users\SOHAM\AppData\Local\Programs\Python\Python310\lib\site-packages\djongo\sql2mongo\query.py", line 797, in __next__
    result = next(self._result_generator)
  File "C:\Users\SOHAM\AppData\Local\Programs\Python\Python310\lib\site-packages\djongo\sql2mongo\query.py", line 830, in __iter__
    raise exe from e
djongo.exceptions.SQLDecodeError: 

	Keyword: FAILED SQL: SELECT "core_user"."id", "core_user"."password", "core_user"."last_login", "core_user"."is_superuser", "core_user"."username", "core_user"."first_name", "core_user"."last_name", "core_user"."email", "core_user"."is_staff", "core_user"."is_active", "core_user"."date_joined", "core_user"."role", "core_user"."phone" FROM "core_user" WHERE "core_user"."id" = %(0)s LIMIT 21
Params: (1,)
Version: 1.3.6
	Sub SQL: None
	FAILED SQL: None
	Params: None
	Version: None

-----------------
Traceback (most recent call last):
  File "C:\Users\SOHAM\AppData\Local\Programs\Python\Python310\lib\site-packages\djongo\sql2mongo\query.py", line 808, in __iter__
    yield from iter(self._query)
  File "C:\Users\SOHAM\AppData\Local\Programs\Python\Python310\lib\site-packages\djongo\sql2mongo\query.py", line 166, in __iter__
    for doc in cursor:
  File "C:\Users\SOHAM\AppData\Local\Programs\Python\Python310\lib\site-packages\pymongo\synchronous\cursor.py", line 1166, in __next__
    return self.next()
  File "C:\Users\SOHAM\AppData\Local\Programs\Python\Python310\lib\site-packages\pymongo\synchronous\cursor.py", line 1142, in next
    if len(self._data) or self._refresh():
  File "C:\Users\SOHAM\AppData\Local\Programs\Python\Python310\lib\site-packages\pymongo\synchronous\cursor.py", line 1090, in _refresh
    self._send_message(q)
  File "C:\Users\SOHAM\AppData\Local\Programs\Python\Python310\lib\site-packages\pymongo\synchronous\cursor.py", line 985, in _send_message
    response = client._run_operation(
  File "C:\Users\SOHAM\AppData\Local\Programs\Python\Python310\lib\site-packages\pymongo\_csot.py", line 125, in csot_wrapper
    return func(self, *args, **kwargs)
  File "C:\Users\SOHAM\AppData\Local\Programs\Python\Python310\lib\site-packages\pymongo\synchronous\mongo_client.py", line 1956, in _run_operation
    return self._retryable_read(
  File "C:\Users\SOHAM\AppData\Local\Programs\Python\Python310\lib\site-packages\pymongo\synchronous\mongo_client.py", line 2076, in _retryable_read
    return self._retry_internal(
  File "C:\Users\SOHAM\AppData\Local\Programs\Python\Python310\lib\site-packages\pymongo\_csot.py", line 125, in csot_wrapper
    return func(self, *args, **kwargs)
  File "C:\Users\SOHAM\AppData\Local\Programs\Python\Python310\lib\site-packages\pymongo\synchronous\mongo_client.py", line 2038, in _retry_internal
    ).run()
  File "C:\Users\SOHAM\AppData\Local\Programs\Python\Python310\lib\site-packages\pymongo\synchronous\mongo_client.py", line 2811, in run
    res = self._read() if self._is_read else self._write()
  File "C:\Users\SOHAM\AppData\Local\Programs\Python\Python310\lib\site-packages\pymongo\synchronous\mongo_client.py", line 3027, in _read
    self._server = self._get_server()
  File "C:\Users\SOHAM\AppData\Local\Programs\Python\Python310\lib\site-packages\pymongo\synchronous\mongo_client.py", line 2975, in _get_server
    return self._client._select_server(
  File "C:\Users\SOHAM\AppData\Local\Programs\Python\Python310\lib\site-packages\pymongo\synchronous\mongo_client.py", line 1851, in _select_server
    server = topology.select_server(
  File "C:\Users\SOHAM\AppData\Local\Programs\Python\Python310\lib\site-packages\pymongo\synchronous\topology.py", line 428, in select_server
    server = self._select_server(
  File "C:\Users\SOHAM\AppData\Local\Programs\Python\Python310\lib\site-packages\pymongo\synchronous\topology.py", line 402, in _select_server
    servers = self.select_servers(
  File "C:\Users\SOHAM\AppData\Local\Programs\Python\Python310\lib\site-packages\pymongo\synchronous\topology.py", line 298, in select_servers
    server_descriptions = self._select_servers_loop(
  File "C:\Users\SOHAM\AppData\Local\Programs\Python\Python310\lib\site-packages\pymongo\synchronous\topology.py", line 376, in _select_servers_loop
    self._ensure_opened()
  File "C:\Users\SOHAM\AppData\Local\Programs\Python\Python310\lib\site-packages\pymongo\synchronous\topology.py", line 812, in _ensure_opened
    raise InvalidOperation("Cannot use MongoClient after close")
pymongo.errors.InvalidOperation: Cannot use MongoClient after close

The above exception was the direct cause of the following exception:

Traceback (most recent call last):
  File "C:\Users\SOHAM\AppData\Local\Programs\Python\Python310\lib\site-packages\djongo\cursor.py", line 65, in fetchmany
    ret.append(self.result.next())
  File "C:\Users\SOHAM\AppData\Local\Programs\Python\Python310\lib\site-packages\djongo\sql2mongo\query.py", line 797, in __next__
    result = next(self._result_generator)
  File "C:\Users\SOHAM\AppData\Local\Programs\Python\Python310\lib\site-packages\djongo\sql2mongo\query.py", line 830, in __iter__
    raise exe from e
djongo.exceptions.SQLDecodeError: 

	Keyword: FAILED SQL: SELECT "core_user"."id", "core_user"."password", "core_user"."last_login", "core_user"."is_superuser", "core_user"."username", "core_user"."first_name", "core_user"."last_name", "core_user"."email", "core_user"."is_staff", "core_user"."is_active", "core_user"."date_joined", "core_user"."role", "core_user"."phone" FROM "core_user" WHERE "core_user"."id" = %(0)s LIMIT 21
Params: (1,)
Version: 1.3.6
	Sub SQL: None
	FAILED SQL: None
	Params: None
	Version: None

-----------------
Traceback (most recent call last):
  File "C:\Users\SOHAM\AppData\Local\Programs\Python\Python310\lib\site-packages\djongo\sql2mongo\query.py", line 808, in __iter__
    yield from iter(self._query)
  File "C:\Users\SOHAM\AppData\Local\Programs\Python\Python310\lib\site-packages\djongo\sql2mongo\query.py", line 166, in __iter__
    for doc in cursor:
  File "C:\Users\SOHAM\AppData\Local\Programs\Python\Python310\lib\site-packages\pymongo\synchronous\cursor.py", line 1166, in __next__
    return self.next()
  File "C:\Users\SOHAM\AppData\Local\Programs\Python\Python310\lib\site-packages\pymongo\synchronous\cursor.py", line 1142, in next
    if len(self._data) or self._refresh():
  File "C:\Users\SOHAM\AppData\Local\Programs\Python\Python310\lib\site-packages\pymongo\synchronous\cursor.py", line 1090, in _refresh
    self._send_message(q)
  File "C:\Users\SOHAM\AppData\Local\Programs\Python\Python310\lib\site-packages\pymongo\synchronous\cursor.py", line 985, in _send_message
    response = client._run_operation(
  File "C:\Users\SOHAM\AppData\Local\Programs\Python\Python310\lib\site-packages\pymongo\_csot.py", line 125, in csot_wrapper
    return func(self, *args, **kwargs)
  File "C:\Users\SOHAM\AppData\Local\Programs\Python\Python310\lib\site-packages\pymongo\synchronous\mongo_client.py", line 1956, in _run_operation
    return self._retryable_read(
  File "C:\Users\SOHAM\AppData\Local\Programs\Python\Python310\lib\site-packages\pymongo\synchronous\mongo_client.py", line 2076, in _retryable_read
    return self._retry_internal(
  File "C:\Users\SOHAM\AppData\Local\Programs\Python\Python310\lib\site-packages\pymongo\_csot.py", line 125, in csot_wrapper
    return func(self, *args, **kwargs)
  File "C:\Users\SOHAM\AppData\Local\Programs\Python\Python310\lib\site-packages\pymongo\synchronous\mongo_client.py", line 2038, in _retry_internal
    ).run()
  File "C:\Users\SOHAM\AppData\Local\Programs\Python\Python310\lib\site-packages\pymongo\synchronous\mongo_client.py", line 2811, in run
    res = self._read() if self._is_read else self._write()
  File "C:\Users\SOHAM\AppData\Local\Programs\Python\Python310\lib\site-packages\pymongo\synchronous\mongo_client.py", line 3027, in _read
    self._server = self._get_server()
  File "C:\Users\SOHAM\AppData\Local\Programs\Python\Python310\lib\site-packages\pymongo\synchronous\mongo_client.py", line 2975, in _get_server
    return self._client._select_server(
  File "C:\Users\SOHAM\AppData\Local\Programs\Python\Python310\lib\site-packages\pymongo\synchronous\mongo_client.py", line 1851, in _select_server
    server = topology.select_server(
  File "C:\Users\SOHAM\AppData\Local\Programs\Python\Python310\lib\site-packages\pymongo\synchronous\topology.py", line 428, in select_server
    server = self._select_server(
  File "C:\Users\SOHAM\AppData\Local\Programs\Python\Python310\lib\site-packages\pymongo\synchronous\topology.py", line 402, in _select_server
    servers = self.select_servers(
  File "C:\Users\SOHAM\AppData\Local\Programs\Python\Python310\lib\site-packages\pymongo\synchronous\topology.py", line 298, in select_servers
    server_descriptions = self._select_servers_loop(
  File "C:\Users\SOHAM\AppData\Local\Programs\Python\Python310\lib\site-packages\pymongo\synchronous\topology.py", line 376, in _select_servers_loop
    self._ensure_opened()
  File "C:\Users\SOHAM\AppData\Local\Programs\Python\Python310\lib\site-packages\pymongo\synchronous\topology.py", line 812, in _ensure_opened
    raise InvalidOperation("Cannot use MongoClient after close")
pymongo.errors.InvalidOperation: Cannot use MongoClient after close

The above exception was the direct cause of the following exception:

Traceback (most recent call last):
  File "C:\Users\SOHAM\AppData\Local\Programs\Python\Python310\lib\site-packages\djongo\cursor.py", line 65, in fetchmany
    ret.append(self.result.next())
  File "C:\Users\SOHAM\AppData\Local\Programs\Python\Python310\lib\site-packages\djongo\sql2mongo\query.py", line 797, in __next__
    result = next(self._result_generator)
  File "C:\Users\SOHAM\AppData\Local\Programs\Python\Python310\lib\site-packages\djongo\sql2mongo\query.py", line 830, in __iter__
    raise exe from e
djongo.exceptions.SQLDecodeError: 

	Keyword: FAILED SQL: SELECT "core_user"."id", "core_user"."password", "core_user"."last_login", "core_user"."is_superuser", "core_user"."username", "core_user"."first_name", "core_user"."last_name", "core_user"."email", "core_user"."is_staff", "core_user"."is_active", "core_user"."date_joined", "core_user"."role", "core_user"."phone" FROM "core_user" WHERE "core_user"."id" = %(0)s LIMIT 21
Params: (1,)
Version: 1.3.6
	Sub SQL: None
	FAILED SQL: None
	Params: None
	Version: None

-----------------
Traceback (most recent call last):
  File "C:\Users\SOHAM\AppData\Local\Programs\Python\Python310\lib\site-packages\djongo\sql2mongo\query.py", line 808, in __iter__
    yield from iter(self._query)
  File "C:\Users\SOHAM\AppData\Local\Programs\Python\Python310\lib\site-packages\djongo\sql2mongo\query.py", line 166, in __iter__
    for doc in cursor:
  File "C:\Users\SOHAM\AppData\Local\Programs\Python\Python310\lib\site-packages\pymongo\synchronous\cursor.py", line 1166, in __next__
    return self.next()
  File "C:\Users\SOHAM\AppData\Local\Programs\Python\Python310\lib\site-packages\pymongo\synchronous\cursor.py", line 1142, in next
    if len(self._data) or self._refresh():
  File "C:\Users\SOHAM\AppData\Local\Programs\Python\Python310\lib\site-packages\pymongo\synchronous\cursor.py", line 1090, in _refresh
    self._send_message(q)
  File "C:\Users\SOHAM\AppData\Local\Programs\Python\Python310\lib\site-packages\pymongo\synchronous\cursor.py", line 985, in _send_message
    response = client._run_operation(
  File "C:\Users\SOHAM\AppData\Local\Programs\Python\Python310\lib\site-packages\pymongo\_csot.py", line 125, in csot_wrapper
    return func(self, *args, **kwargs)
  File "C:\Users\SOHAM\AppData\Local\Programs\Python\Python310\lib\site-packages\pymongo\synchronous\mongo_client.py", line 1956, in _run_operation
    return self._retryable_read(
  File "C:\Users\SOHAM\AppData\Local\Programs\Python\Python310\lib\site-packages\pymongo\synchronous\mongo_client.py", line 2076, in _retryable_read
    return self._retry_internal(
  File "C:\Users\SOHAM\AppData\Local\Programs\Python\Python310\lib\site-packages\pymongo\_csot.py", line 125, in csot_wrapper
    return func(self, *args, **kwargs)
  File "C:\Users\SOHAM\AppData\Local\Programs\Python\Python310\lib\site-packages\pymongo\synchronous\mongo_client.py", line 2038, in _retry_internal
    ).run()
  File "C:\Users\SOHAM\AppData\Local\Programs\Python\Python310\lib\site-packages\pymongo\synchronous\mongo_client.py", line 2811, in run
    res = self._read() if self._is_read else self._write()
  File "C:\Users\SOHAM\AppData\Local\Programs\Python\Python310\lib\site-packages\pymongo\synchronous\mongo_client.py", line 3027, in _read
    self._server = self._get_server()
  File "C:\Users\SOHAM\AppData\Local\Programs\Python\Python310\lib\site-packages\pymongo\synchronous\mongo_client.py", line 2975, in _get_server
    return self._client._select_server(
  File "C:\Users\SOHAM\AppData\Local\Programs\Python\Python310\lib\site-packages\pymongo\synchronous\mongo_client.py", line 1851, in _select_server
    server = topology.select_server(
  File "C:\Users\SOHAM\AppData\Local\Programs\Python\Python310\lib\site-packages\pymongo\synchronous\topology.py", line 428, in select_server
    server = self._select_server(
  File "C:\Users\SOHAM\AppData\Local\Programs\Python\Python310\lib\site-packages\pymongo\synchronous\topology.py", line 402, in _select_server
    servers = self.select_servers(
  File "C:\Users\SOHAM\AppData\Local\Programs\Python\Python310\lib\site-packages\pymongo\synchronous\topology.py", line 298, in select_servers
    server_descriptions = self._select_servers_loop(
  File "C:\Users\SOHAM\AppData\Local\Programs\Python\Python310\lib\site-packages\pymongo\synchronous\topology.py", line 376, in _select_servers_loop
    self._ensure_opened()
  File "C:\Users\SOHAM\AppData\Local\Programs\Python\Python310\lib\site-packages\pymongo\synchronous\topology.py", line 812, in _ensure_opened
    raise InvalidOperation("Cannot use MongoClient after close")
pymongo.errors.InvalidOperation: Cannot use MongoClient after close

The above exception was the direct cause of the following exception:

Traceback (most recent call last):
  File "C:\Users\SOHAM\AppData\Local\Programs\Python\Python310\lib\site-packages\djongo\cursor.py", line 65, in fetchmany
    ret.append(self.result.next())
  File "C:\Users\SOHAM\AppData\Local\Programs\Python\Python310\lib\site-packages\djongo\sql2mongo\query.py", line 797, in __next__
    result = next(self._result_generator)
  File "C:\Users\SOHAM\AppData\Local\Programs\Python\Python310\lib\site-packages\djongo\sql2mongo\query.py", line 830, in __iter__
    raise exe from e
djongo.exceptions.SQLDecodeError: 

	Keyword: FAILED SQL: SELECT "core_user"."id", "core_user"."password", "core_user"."last_login", "core_user"."is_superuser", "core_user"."username", "core_user"."first_name", "core_user"."last_name", "core_user"."email", "core_user"."is_staff", "core_user"."is_active", "core_user"."date_joined", "core_user"."role", "core_user"."phone" FROM "core_user" WHERE "core_user"."id" = %(0)s LIMIT 21
Params: (1,)
Version: 1.3.6
	Sub SQL: None
	FAILED SQL: None
	Params: None
	Version: None

-----------------
Traceback (most recent call last):
  File "C:\Users\SOHAM\AppData\Local\Programs\Python\Python310\lib\site-packages\djongo\sql2mongo\query.py", line 808, in __iter__
    yield from iter(self._query)
  File "C:\Users\SOHAM\AppData\Local\Programs\Python\Python310\lib\site-packages\djongo\sql2mongo\query.py", line 166, in __iter__
    for doc in cursor:
  File "C:\Users\SOHAM\AppData\Local\Programs\Python\Python310\lib\site-packages\pymongo\synchronous\cursor.py", line 1166, in __next__
    return self.next()
  File "C:\Users\SOHAM\AppData\Local\Programs\Python\Python310\lib\site-packages\pymongo\synchronous\cursor.py", line 1142, in next
    if len(self._data) or self._refresh():
  File "C:\Users\SOHAM\AppData\Local\Programs\Python\Python310\lib\site-packages\pymongo\synchronous\cursor.py", line 1090, in _refresh
    self._send_message(q)
  File "C:\Users\SOHAM\AppData\Local\Programs\Python\Python310\lib\site-packages\pymongo\synchronous\cursor.py", line 985, in _send_message
    response = client._run_operation(
  File "C:\Users\SOHAM\AppData\Local\Programs\Python\Python310\lib\site-packages\pymongo\_csot.py", line 125, in csot_wrapper
    return func(self, *args, **kwargs)
  File "C:\Users\SOHAM\AppData\Local\Programs\Python\Python310\lib\site-packages\pymongo\synchronous\mongo_client.py", line 1956, in _run_operation
    return self._retryable_read(
  File "C:\Users\SOHAM\AppData\Local\Programs\Python\Python310\lib\site-packages\pymongo\synchronous\mongo_client.py", line 2076, in _retryable_read
    return self._retry_internal(
  File "C:\Users\SOHAM\AppData\Local\Programs\Python\Python310\lib\site-packages\pymongo\_csot.py", line 125, in csot_wrapper
    return func(self, *args, **kwargs)
  File "C:\Users\SOHAM\AppData\Local\Programs\Python\Python310\lib\site-packages\pymongo\synchronous\mongo_client.py", line 2038, in _retry_internal
    ).run()
  File "C:\Users\SOHAM\AppData\Local\Programs\Python\Python310\lib\site-packages\pymongo\synchronous\mongo_client.py", line 2811, in run
    res = self._read() if self._is_read else self._write()
  File "C:\Users\SOHAM\AppData\Local\Programs\Python\Python310\lib\site-packages\pymongo\synchronous\mongo_client.py", line 3027, in _read
    self._server = self._get_server()
  File "C:\Users\SOHAM\AppData\Local\Programs\Python\Python310\lib\site-packages\pymongo\synchronous\mongo_client.py", line 2975, in _get_server
    return self._client._select_server(
  File "C:\Users\SOHAM\AppData\Local\Programs\Python\Python310\lib\site-packages\pymongo\synchronous\mongo_client.py", line 1851, in _select_server
    server = topology.select_server(
  File "C:\Users\SOHAM\AppData\Local\Programs\Python\Python310\lib\site-packages\pymongo\synchronous\topology.py", line 428, in select_server
    server = self._select_server(
  File "C:\Users\SOHAM\AppData\Local\Programs\Python\Python310\lib\site-packages\pymongo\synchronous\topology.py", line 402, in _select_server
    servers = self.select_servers(
  File "C:\Users\SOHAM\AppData\Local\Programs\Python\Python310\lib\site-packages\pymongo\synchronous\topology.py", line 298, in select_servers
    server_descriptions = self._select_servers_loop(
  File "C:\Users\SOHAM\AppData\Local\Programs\Python\Python310\lib\site-packages\pymongo\synchronous\topology.py", line 376, in _select_servers_loop
    self._ensure_opened()
  File "C:\Users\SOHAM\AppData\Local\Programs\Python\Python310\lib\site-packages\pymongo\synchronous\topology.py", line 812, in _ensure_opened
    raise InvalidOperation("Cannot use MongoClient after close")
pymongo.errors.InvalidOperation: Cannot use MongoClient after close

The above exception was the direct cause of the following exception:

Traceback (most recent call last):
  File "C:\Users\SOHAM\AppData\Local\Programs\Python\Python310\lib\site-packages\djongo\cursor.py", line 65, in fetchmany
    ret.append(self.result.next())
  File "C:\Users\SOHAM\AppData\Local\Programs\Python\Python310\lib\site-packages\djongo\sql2mongo\query.py", line 797, in __next__
    result = next(self._result_generator)
  File "C:\Users\SOHAM\AppData\Local\Programs\Python\Python310\lib\site-packages\djongo\sql2mongo\query.py", line 830, in __iter__
    raise exe from e
djongo.exceptions.SQLDecodeError: 

	Keyword: FAILED SQL: SELECT "core_user"."id", "core_user"."password", "core_user"."last_login", "core_user"."is_superuser", "core_user"."username", "core_user"."first_name", "core_user"."last_name", "core_user"."email", "core_user"."is_staff", "core_user"."is_active", "core_user"."date_joined", "core_user"."role", "core_user"."phone" FROM "core_user" WHERE "core_user"."id" = %(0)s LIMIT 21
Params: (1,)
Version: 1.3.6
	Sub SQL: None
	FAILED SQL: None
	Params: None
	Version: None

-----------------
Traceback (most recent call last):
  File "C:\Users\SOHAM\AppData\Local\Programs\Python\Python310\lib\site-packages\djongo\sql2mongo\query.py", line 808, in __iter__
    yield from iter(self._query)
  File "C:\Users\SOHAM\AppData\Local\Programs\Python\Python310\lib\site-packages\djongo\sql2mongo\query.py", line 166, in __iter__
    for doc in cursor:
  File "C:\Users\SOHAM\AppData\Local\Programs\Python\Python310\lib\site-packages\pymongo\synchronous\cursor.py", line 1166, in __next__
    return self.next()
  File "C:\Users\SOHAM\AppData\Local\Programs\Python\Python310\lib\site-packages\pymongo\synchronous\cursor.py", line 1142, in next
    if len(self._data) or self._refresh():
  File "C:\Users\SOHAM\AppData\Local\Programs\Python\Python310\lib\site-packages\pymongo\synchronous\cursor.py", line 1090, in _refresh
    self._send_message(q)
  File "C:\Users\SOHAM\AppData\Local\Programs\Python\Python310\lib\site-packages\pymongo\synchronous\cursor.py", line 985, in _send_message
    response = client._run_operation(
  File "C:\Users\SOHAM\AppData\Local\Programs\Python\Python310\lib\site-packages\pymongo\_csot.py", line 125, in csot_wrapper
    return func(self, *args, **kwargs)
  File "C:\Users\SOHAM\AppData\Local\Programs\Python\Python310\lib\site-packages\pymongo\synchronous\mongo_client.py", line 1956, in _run_operation
    return self._retryable_read(
  File "C:\Users\SOHAM\AppData\Local\Programs\Python\Python310\lib\site-packages\pymongo\synchronous\mongo_client.py", line 2076, in _retryable_read
    return self._retry_internal(
  File "C:\Users\SOHAM\AppData\Local\Programs\Python\Python310\lib\site-packages\pymongo\_csot.py", line 125, in csot_wrapper
    return func(self, *args, **kwargs)
  File "C:\Users\SOHAM\AppData\Local\Programs\Python\Python310\lib\site-packages\pymongo\synchronous\mongo_client.py", line 2038, in _retry_internal
    ).run()
  File "C:\Users\SOHAM\AppData\Local\Programs\Python\Python310\lib\site-packages\pymongo\synchronous\mongo_client.py", line 2811, in run
    res = self._read() if self._is_read else self._write()
  File "C:\Users\SOHAM\AppData\Local\Programs\Python\Python310\lib\site-packages\pymongo\synchronous\mongo_client.py", line 3027, in _read
    self._server = self._get_server()
  File "C:\Users\SOHAM\AppData\Local\Programs\Python\Python310\lib\site-packages\pymongo\synchronous\mongo_client.py", line 2975, in _get_server
    return self._client._select_server(
  File "C:\Users\SOHAM\AppData\Local\Programs\Python\Python310\lib\site-packages\pymongo\synchronous\mongo_client.py", line 1851, in _select_server
    server = topology.select_server(
  File "C:\Users\SOHAM\AppData\Local\Programs\Python\Python310\lib\site-packages\pymongo\synchronous\topology.py", line 428, in select_server
    server = self._select_server(
  File "C:\Users\SOHAM\AppData\Local\Programs\Python\Python310\lib\site-packages\pymongo\synchronous\topology.py", line 402, in _select_server
    servers = self.select_servers(
  File "C:\Users\SOHAM\AppData\Local\Programs\Python\Python310\lib\site-packages\pymongo\synchronous\topology.py", line 298, in select_servers
    server_descriptions = self._select_servers_loop(
  File "C:\Users\SOHAM\AppData\Local\Programs\Python\Python310\lib\site-packages\pymongo\synchronous\topology.py", line 376, in _select_servers_loop
    self._ensure_opened()
  File "C:\Users\SOHAM\AppData\Local\Programs\Python\Python310\lib\site-packages\pymongo\synchronous\topology.py", line 812, in _ensure_opened
    raise InvalidOperation("Cannot use MongoClient after close")
pymongo.errors.InvalidOperation: Cannot use MongoClient after close

The above exception was the direct cause of the following exception:

Traceback (most recent call last):
  File "C:\Users\SOHAM\AppData\Local\Programs\Python\Python310\lib\site-packages\djongo\cursor.py", line 65, in fetchmany
    ret.append(self.result.next())
  File "C:\Users\SOHAM\AppData\Local\Programs\Python\Python310\lib\site-packages\djongo\sql2mongo\query.py", line 797, in __next__
    result = next(self._result_generator)
  File "C:\Users\SOHAM\AppData\Local\Programs\Python\Python310\lib\site-packages\djongo\sql2mongo\query.py", line 830, in __iter__
    raise exe from e
djongo.exceptions.SQLDecodeError: 

	Keyword: FAILED SQL: SELECT "core_user"."id", "core_user"."password", "core_user"."last_login", "core_user"."is_superuser", "core_user"."username", "core_user"."first_name", "core_user"."last_name", "core_user"."email", "core_user"."is_staff", "core_user"."is_active", "core_user"."date_joined", "core_user"."role", "core_user"."phone" FROM "core_user" WHERE "core_user"."id" = %(0)s LIMIT 21
Params: (1,)
Version: 1.3.6
	Sub SQL: None
	FAILED SQL: None
	Params: None
	Version: None

-----------------
Traceback (most recent call last):
  File "C:\Users\SOHAM\AppData\Local\Programs\Python\Python310\lib\site-packages\djongo\sql2mongo\query.py", line 808, in __iter__
    yield from iter(self._query)
  File "C:\Users\SOHAM\AppData\Local\Programs\Python\Python310\lib\site-packages\djongo\sql2mongo\query.py", line 166, in __iter__
    for doc in cursor:
  File "C:\Users\SOHAM\AppData\Local\Programs\Python\Python310\lib\site-packages\pymongo\synchronous\cursor.py", line 1166, in __next__
    return self.next()
  File "C:\Users\SOHAM\AppData\Local\Programs\Python\Python310\lib\site-packages\pymongo\synchronous\cursor.py", line 1142, in next
    if len(self._data) or self._refresh():
  File "C:\Users\SOHAM\AppData\Local\Programs\Python\Python310\lib\site-packages\pymongo\synchronous\cursor.py", line 1090, in _refresh
    self._send_message(q)
  File "C:\Users\SOHAM\AppData\Local\Programs\Python\Python310\lib\site-packages\pymongo\synchronous\cursor.py", line 985, in _send_message
    response = client._run_operation(
  File "C:\Users\SOHAM\AppData\Local\Programs\Python\Python310\lib\site-packages\pymongo\_csot.py", line 125, in csot_wrapper
    return func(self, *args, **kwargs)
  File "C:\Users\SOHAM\AppData\Local\Programs\Python\Python310\lib\site-packages\pymongo\synchronous\mongo_client.py", line 1956, in _run_operation
    return self._retryable_read(
  File "C:\Users\SOHAM\AppData\Local\Programs\Python\Python310\lib\site-packages\pymongo\synchronous\mongo_client.py", line 2076, in _retryable_read
    return self._retry_internal(
  File "C:\Users\SOHAM\AppData\Local\Programs\Python\Python310\lib\site-packages\pymongo\_csot.py", line 125, in csot_wrapper
    return func(self, *args, **kwargs)
  File "C:\Users\SOHAM\AppData\Local\Programs\Python\Python310\lib\site-packages\pymongo\synchronous\mongo_client.py", line 2038, in _retry_internal
    ).run()
  File "C:\Users\SOHAM\AppData\Local\Programs\Python\Python310\lib\site-packages\pymongo\synchronous\mongo_client.py", line 2811, in run
    res = self._read() if self._is_read else self._write()
  File "C:\Users\SOHAM\AppData\Local\Programs\Python\Python310\lib\site-packages\pymongo\synchronous\mongo_client.py", line 3027, in _read
    self._server = self._get_server()
  File "C:\Users\SOHAM\AppData\Local\Programs\Python\Python310\lib\site-packages\pymongo\synchronous\mongo_client.py", line 2975, in _get_server
    return self._client._select_server(
  File "C:\Users\SOHAM\AppData\Local\Programs\Python\Python310\lib\site-packages\pymongo\synchronous\mongo_client.py", line 1851, in _select_server
    server = topology.select_server(
  File "C:\Users\SOHAM\AppData\Local\Programs\Python\Python310\lib\site-packages\pymongo\synchronous\topology.py", line 428, in select_server
    server = self._select_server(
  File "C:\Users\SOHAM\AppData\Local\Programs\Python\Python310\lib\site-packages\pymongo\synchronous\topology.py", line 402, in _select_server
    servers = self.select_servers(
  File "C:\Users\SOHAM\AppData\Local\Programs\Python\Python310\lib\site-packages\pymongo\synchronous\topology.py", line 298, in select_servers
    server_descriptions = self._select_servers_loop(
  File "C:\Users\SOHAM\AppData\Local\Programs\Python\Python310\lib\site-packages\pymongo\synchronous\topology.py", line 376, in _select_servers_loop
    self._ensure_opened()
  File "C:\Users\SOHAM\AppData\Local\Programs\Python\Python310\lib\site-packages\pymongo\synchronous\topology.py", line 812, in _ensure_opened
    raise InvalidOperation("Cannot use MongoClient after close")
pymongo.errors.InvalidOperation: Cannot use MongoClient after close

The above exception was the direct cause of the following exception:

Traceback (most recent call last):
  File "C:\Users\SOHAM\AppData\Local\Programs\Python\Python310\lib\site-packages\djongo\cursor.py", line 65, in fetchmany
    ret.append(self.result.next())
  File "C:\Users\SOHAM\AppData\Local\Programs\Python\Python310\lib\site-packages\djongo\sql2mongo\query.py", line 797, in __next__
    result = next(self._result_generator)
  File "C:\Users\SOHAM\AppData\Local\Programs\Python\Python310\lib\site-packages\djongo\sql2mongo\query.py", line 830, in __iter__
    raise exe from e
djongo.exceptions.SQLDecodeError: 

	Keyword: FAILED SQL: SELECT "core_user"."id", "core_user"."password", "core_user"."last_login", "core_user"."is_superuser", "core_user"."username", "core_user"."first_name", "core_user"."last_name", "core_user"."email", "core_user"."is_staff", "core_user"."is_active", "core_user"."date_joined", "core_user"."role", "core_user"."phone" FROM "core_user" WHERE "core_user"."id" = %(0)s LIMIT 21
Params: (1,)
Version: 1.3.6
	Sub SQL: None
	FAILED SQL: None
	Params: None
	Version: None

-----------------
Traceback (most recent call last):
  File "C:\Users\SOHAM\AppData\Local\Programs\Python\Python310\lib\site-packages\djongo\sql2mongo\query.py", line 808, in __iter__
    yield from iter(self._query)
  File "C:\Users\SOHAM\AppData\Local\Programs\Python\Python310\lib\site-packages\djongo\sql2mongo\query.py", line 166, in __iter__
    for doc in cursor:
  File "C:\Users\SOHAM\AppData\Local\Programs\Python\Python310\lib\site-packages\pymongo\synchronous\cursor.py", line 1166, in __next__
    return self.next()
  File "C:\Users\SOHAM\AppData\Local\Programs\Python\Python310\lib\site-packages\pymongo\synchronous\cursor.py", line 1142, in next
    if len(self._data) or self._refresh():
  File "C:\Users\SOHAM\AppData\Local\Programs\Python\Python310\lib\site-packages\pymongo\synchronous\cursor.py", line 1090, in _refresh
    self._send_message(q)
  File "C:\Users\SOHAM\AppData\Local\Programs\Python\Python310\lib\site-packages\pymongo\synchronous\cursor.py", line 985, in _send_message
    response = client._run_operation(
  File "C:\Users\SOHAM\AppData\Local\Programs\Python\Python310\lib\site-packages\pymongo\_csot.py", line 125, in csot_wrapper
    return func(self, *args, **kwargs)
  File "C:\Users\SOHAM\AppData\Local\Programs\Python\Python310\lib\site-packages\pymongo\synchronous\mongo_client.py", line 1956, in _run_operation
    return self._retryable_read(
  File "C:\Users\SOHAM\AppData\Local\Programs\Python\Python310\lib\site-packages\pymongo\synchronous\mongo_client.py", line 2076, in _retryable_read
    return self._retry_internal(
  File "C:\Users\SOHAM\AppData\Local\Programs\Python\Python310\lib\site-packages\pymongo\_csot.py", line 125, in csot_wrapper
    return func(self, *args, **kwargs)
  File "C:\Users\SOHAM\AppData\Local\Programs\Python\Python310\lib\site-packages\pymongo\synchronous\mongo_client.py", line 2038, in _retry_internal
    ).run()
  File "C:\Users\SOHAM\AppData\Local\Programs\Python\Python310\lib\site-packages\pymongo\synchronous\mongo_client.py", line 2811, in run
    res = self._read() if self._is_read else self._write()
  File "C:\Users\SOHAM\AppData\Local\Programs\Python\Python310\lib\site-packages\pymongo\synchronous\mongo_client.py", line 3027, in _read
    self._server = self._get_server()
  File "C:\Users\SOHAM\AppData\Local\Programs\Python\Python310\lib\site-packages\pymongo\synchronous\mongo_client.py", line 2975, in _get_server
    return self._client._select_server(
  File "C:\Users\SOHAM\AppData\Local\Programs\Python\Python310\lib\site-packages\pymongo\synchronous\mongo_client.py", line 1851, in _select_server
    server = topology.select_server(
  File "C:\Users\SOHAM\AppData\Local\Programs\Python\Python310\lib\site-packages\pymongo\synchronous\topology.py", line 428, in select_server
    server = self._select_server(
  File "C:\Users\SOHAM\AppData\Local\Programs\Python\Python310\lib\site-packages\pymongo\synchronous\topology.py", line 402, in _select_server
    servers = self.select_servers(
  File "C:\Users\SOHAM\AppData\Local\Programs\Python\Python310\lib\site-packages\pymongo\synchronous\topology.py", line 298, in select_servers
    server_descriptions = self._select_servers_loop(
  File "C:\Users\SOHAM\AppData\Local\Programs\Python\Python310\lib\site-packages\pymongo\synchronous\topology.py", line 376, in _select_servers_loop
    self._ensure_opened()
  File "C:\Users\SOHAM\AppData\Local\Programs\Python\Python310\lib\site-packages\pymongo\synchronous\topology.py", line 812, in _ensure_opened
    raise InvalidOperation("Cannot use MongoClient after close")
pymongo.errors.InvalidOperation: Cannot use MongoClient after close

The above exception was the direct cause of the following exception:

Traceback (most recent call last):
  File "C:\Users\SOHAM\AppData\Local\Programs\Python\Python310\lib\site-packages\djongo\cursor.py", line 65, in fetchmany
    ret.append(self.result.next())
  File "C:\Users\SOHAM\AppData\Local\Programs\Python\Python310\lib\site-packages\djongo\sql2mongo\query.py", line 797, in __next__
    result = next(self._result_generator)
  File "C:\Users\SOHAM\AppData\Local\Programs\Python\Python310\lib\site-packages\djongo\sql2mongo\query.py", line 830, in __iter__
    raise exe from e
djongo.exceptions.SQLDecodeError: 

	Keyword: FAILED SQL: SELECT "core_user"."id", "core_user"."password", "core_user"."last_login", "core_user"."is_superuser", "core_user"."username", "core_user"."first_name", "core_user"."last_name", "core_user"."email", "core_user"."is_staff", "core_user"."is_active", "core_user"."date_joined", "core_user"."role", "core_user"."phone" FROM "core_user" WHERE "core_user"."id" = %(0)s LIMIT 21
Params: (1,)
Version: 1.3.6
	Sub SQL: None
	FAILED SQL: None
	Params: None
	Version: None

-----------------
Traceback (most recent call last):
  File "C:\Users\SOHAM\AppData\Local\Programs\Python\Python310\lib\site-packages\djongo\sql2mongo\query.py", line 808, in __iter__
    yield from iter(self._query)
  File "C:\Users\SOHAM\AppData\Local\Programs\Python\Python310\lib\site-packages\djongo\sql2mongo\query.py", line 166, in __iter__
    for doc in cursor:
  File "C:\Users\SOHAM\AppData\Local\Programs\Python\Python310\lib\site-packages\pymongo\synchronous\cursor.py", line 1166, in __next__
    return self.next()
  File "C:\Users\SOHAM\AppData\Local\Programs\Python\Python310\lib\site-packages\pymongo\synchronous\cursor.py", line 1142, in next
    if len(self._data) or self._refresh():
  File "C:\Users\SOHAM\AppData\Local\Programs\Python\Python310\lib\site-packages\pymongo\synchronous\cursor.py", line 1090, in _refresh
    self._send_message(q)
  File "C:\Users\SOHAM\AppData\Local\Programs\Python\Python310\lib\site-packages\pymongo\synchronous\cursor.py", line 985, in _send_message
    response = client._run_operation(
  File "C:\Users\SOHAM\AppData\Local\Programs\Python\Python310\lib\site-packages\pymongo\_csot.py", line 125, in csot_wrapper
    return func(self, *args, **kwargs)
  File "C:\Users\SOHAM\AppData\Local\Programs\Python\Python310\lib\site-packages\pymongo\synchronous\mongo_client.py", line 1956, in _run_operation
    return self._retryable_read(
  File "C:\Users\SOHAM\AppData\Local\Programs\Python\Python310\lib\site-packages\pymongo\synchronous\mongo_client.py", line 2076, in _retryable_read
    return self._retry_internal(
  File "C:\Users\SOHAM\AppData\Local\Programs\Python\Python310\lib\site-packages\pymongo\_csot.py", line 125, in csot_wrapper
    return func(self, *args, **kwargs)
  File "C:\Users\SOHAM\AppData\Local\Programs\Python\Python310\lib\site-packages\pymongo\synchronous\mongo_client.py", line 2038, in _retry_internal
    ).run()
  File "C:\Users\SOHAM\AppData\Local\Programs\Python\Python310\lib\site-packages\pymongo\synchronous\mongo_client.py", line 2811, in run
    res = self._read() if self._is_read else self._write()
  File "C:\Users\SOHAM\AppData\Local\Programs\Python\Python310\lib\site-packages\pymongo\synchronous\mongo_client.py", line 3027, in _read
    self._server = self._get_server()
  File "C:\Users\SOHAM\AppData\Local\Programs\Python\Python310\lib\site-packages\pymongo\synchronous\mongo_client.py", line 2975, in _get_server
    return self._client._select_server(
  File "C:\Users\SOHAM\AppData\Local\Programs\Python\Python310\lib\site-packages\pymongo\synchronous\mongo_client.py", line 1851, in _select_server
    server = topology.select_server(
  File "C:\Users\SOHAM\AppData\Local\Programs\Python\Python310\lib\site-packages\pymongo\synchronous\topology.py", line 428, in select_server
    server = self._select_server(
  File "C:\Users\SOHAM\AppData\Local\Programs\Python\Python310\lib\site-packages\pymongo\synchronous\topology.py", line 402, in _select_server
    servers = self.select_servers(
  File "C:\Users\SOHAM\AppData\Local\Programs\Python\Python310\lib\site-packages\pymongo\synchronous\topology.py", line 298, in select_servers
    server_descriptions = self._select_servers_loop(
  File "C:\Users\SOHAM\AppData\Local\Programs\Python\Python310\lib\site-packages\pymongo\synchronous\topology.py", line 376, in _select_servers_loop
    self._ensure_opened()
  File "C:\Users\SOHAM\AppData\Local\Programs\Python\Python310\lib\site-packages\pymongo\synchronous\topology.py", line 812, in _ensure_opened
    raise InvalidOperation("Cannot use MongoClient after close")
pymongo.errors.InvalidOperation: Cannot use MongoClient after close

The above exception was the direct cause of the following exception:

Traceback (most recent call last):
  File "C:\Users\SOHAM\AppData\Local\Programs\Python\Python310\lib\site-packages\djongo\cursor.py", line 65, in fetchmany
    ret.append(self.result.next())
  File "C:\Users\SOHAM\AppData\Local\Programs\Python\Python310\lib\site-packages\djongo\sql2mongo\query.py", line 797, in __next__
    result = next(self._result_generator)
  File "C:\Users\SOHAM\AppData\Local\Programs\Python\Python310\lib\site-packages\djongo\sql2mongo\query.py", line 830, in __iter__
    raise exe from e
djongo.exceptions.SQLDecodeError: 

	Keyword: FAILED SQL: SELECT "core_user"."id", "core_user"."password", "core_user"."last_login", "core_user"."is_superuser", "core_user"."username", "core_user"."first_name", "core_user"."last_name", "core_user"."email", "core_user"."is_staff", "core_user"."is_active", "core_user"."date_joined", "core_user"."role", "core_user"."phone" FROM "core_user" WHERE "core_user"."id" = %(0)s LIMIT 21
Params: (1,)
Version: 1.3.6
	Sub SQL: None
	FAILED SQL: None
	Params: None
	Version: None

-----------------
Traceback (most recent call last):
  File "C:\Users\SOHAM\AppData\Local\Programs\Python\Python310\lib\site-packages\djongo\sql2mongo\query.py", line 808, in __iter__
    yield from iter(self._query)
  File "C:\Users\SOHAM\AppData\Local\Programs\Python\Python310\lib\site-packages\djongo\sql2mongo\query.py", line 166, in __iter__
    for doc in cursor:
  File "C:\Users\SOHAM\AppData\Local\Programs\Python\Python310\lib\site-packages\pymongo\synchronous\cursor.py", line 1166, in __next__
    return self.next()
  File "C:\Users\SOHAM\AppData\Local\Programs\Python\Python310\lib\site-packages\pymongo\synchronous\cursor.py", line 1142, in next
    if len(self._data) or self._refresh():
  File "C:\Users\SOHAM\AppData\Local\Programs\Python\Python310\lib\site-packages\pymongo\synchronous\cursor.py", line 1090, in _refresh
    self._send_message(q)
  File "C:\Users\SOHAM\AppData\Local\Programs\Python\Python310\lib\site-packages\pymongo\synchronous\cursor.py", line 985, in _send_message
    response = client._run_operation(
  File "C:\Users\SOHAM\AppData\Local\Programs\Python\Python310\lib\site-packages\pymongo\_csot.py", line 125, in csot_wrapper
    return func(self, *args, **kwargs)
  File "C:\Users\SOHAM\AppData\Local\Programs\Python\Python310\lib\site-packages\pymongo\synchronous\mongo_client.py", line 1956, in _run_operation
    return self._retryable_read(
  File "C:\Users\SOHAM\AppData\Local\Programs\Python\Python310\lib\site-packages\pymongo\synchronous\mongo_client.py", line 2076, in _retryable_read
    return self._retry_internal(
  File "C:\Users\SOHAM\AppData\Local\Programs\Python\Python310\lib\site-packages\pymongo\_csot.py", line 125, in csot_wrapper
    return func(self, *args, **kwargs)
  File "C:\Users\SOHAM\AppData\Local\Programs\Python\Python310\lib\site-packages\pymongo\synchronous\mongo_client.py", line 2038, in _retry_internal
    ).run()
  File "C:\Users\SOHAM\AppData\Local\Programs\Python\Python310\lib\site-packages\pymongo\synchronous\mongo_client.py", line 2811, in run
    res = self._read() if self._is_read else self._write()
  File "C:\Users\SOHAM\AppData\Local\Programs\Python\Python310\lib\site-packages\pymongo\synchronous\mongo_client.py", line 3027, in _read
    self._server = self._get_server()
  File "C:\Users\SOHAM\AppData\Local\Programs\Python\Python310\lib\site-packages\pymongo\synchronous\mongo_client.py", line 2975, in _get_server
    return self._client._select_server(
  File "C:\Users\SOHAM\AppData\Local\Programs\Python\Python310\lib\site-packages\pymongo\synchronous\mongo_client.py", line 1851, in _select_server
    server = topology.select_server(
  File "C:\Users\SOHAM\AppData\Local\Programs\Python\Python310\lib\site-packages\pymongo\synchronous\topology.py", line 428, in select_server
    server = self._select_server(
  File "C:\Users\SOHAM\AppData\Local\Programs\Python\Python310\lib\site-packages\pymongo\synchronous\topology.py", line 402, in _select_server
    servers = self.select_servers(
  File "C:\Users\SOHAM\AppData\Local\Programs\Python\Python310\lib\site-packages\pymongo\synchronous\topology.py", line 298, in select_servers
    server_descriptions = self._select_servers_loop(
  File "C:\Users\SOHAM\AppData\Local\Programs\Python\Python310\lib\site-packages\pymongo\synchronous\topology.py", line 376, in _select_servers_loop
    self._ensure_opened()
  File "C:\Users\SOHAM\AppData\Local\Programs\Python\Python310\lib\site-packages\pymongo\synchronous\topology.py", line 812, in _ensure_opened
    raise InvalidOperation("Cannot use MongoClient after close")
pymongo.errors.InvalidOperation: Cannot use MongoClient after close

The above exception was the direct cause of the following exception:

Traceback (most recent call last):
  File "C:\Users\SOHAM\AppData\Local\Programs\Python\Python310\lib\site-packages\djongo\cursor.py", line 65, in fetchmany
    ret.append(self.result.next())
  File "C:\Users\SOHAM\AppData\Local\Programs\Python\Python310\lib\site-packages\djongo\sql2mongo\query.py", line 797, in __next__
    result = next(self._result_generator)
  File "C:\Users\SOHAM\AppData\Local\Programs\Python\Python310\lib\site-packages\djongo\sql2mongo\query.py", line 830, in __iter__
    raise exe from e
djongo.exceptions.SQLDecodeError: 

	Keyword: FAILED SQL: SELECT "core_user"."id", "core_user"."password", "core_user"."last_login", "core_user"."is_superuser", "core_user"."username", "core_user"."first_name", "core_user"."last_name", "core_user"."email", "core_user"."is_staff", "core_user"."is_active", "core_user"."date_joined", "core_user"."role", "core_user"."phone" FROM "core_user" WHERE "core_user"."id" = %(0)s LIMIT 21
Params: (1,)
Version: 1.3.6
	Sub SQL: None
	FAILED SQL: None
	Params: None
	Version: None

-----------------
Traceback (most recent call last):
  File "C:\Users\SOHAM\AppData\Local\Programs\Python\Python310\lib\site-packages\djongo\sql2mongo\query.py", line 808, in __iter__
    yield from iter(self._query)
  File "C:\Users\SOHAM\AppData\Local\Programs\Python\Python310\lib\site-packages\djongo\sql2mongo\query.py", line 166, in __iter__
    for doc in cursor:
  File "C:\Users\SOHAM\AppData\Local\Programs\Python\Python310\lib\site-packages\pymongo\synchronous\cursor.py", line 1166, in __next__
    return self.next()
  File "C:\Users\SOHAM\AppData\Local\Programs\Python\Python310\lib\site-packages\pymongo\synchronous\cursor.py", line 1142, in next
    if len(self._data) or self._refresh():
  File "C:\Users\SOHAM\AppData\Local\Programs\Python\Python310\lib\site-packages\pymongo\synchronous\cursor.py", line 1090, in _refresh
    self._send_message(q)
  File "C:\Users\SOHAM\AppData\Local\Programs\Python\Python310\lib\site-packages\pymongo\synchronous\cursor.py", line 985, in _send_message
    response = client._run_operation(
  File "C:\Users\SOHAM\AppData\Local\Programs\Python\Python310\lib\site-packages\pymongo\_csot.py", line 125, in csot_wrapper
    return func(self, *args, **kwargs)
  File "C:\Users\SOHAM\AppData\Local\Programs\Python\Python310\lib\site-packages\pymongo\synchronous\mongo_client.py", line 1956, in _run_operation
    return self._retryable_read(
  File "C:\Users\SOHAM\AppData\Local\Programs\Python\Python310\lib\site-packages\pymongo\synchronous\mongo_client.py", line 2076, in _retryable_read
    return self._retry_internal(
  File "C:\Users\SOHAM\AppData\Local\Programs\Python\Python310\lib\site-packages\pymongo\_csot.py", line 125, in csot_wrapper
    return func(self, *args, **kwargs)
  File "C:\Users\SOHAM\AppData\Local\Programs\Python\Python310\lib\site-packages\pymongo\synchronous\mongo_client.py", line 2038, in _retry_internal
    ).run()
  File "C:\Users\SOHAM\AppData\Local\Programs\Python\Python310\lib\site-packages\pymongo\synchronous\mongo_client.py", line 2811, in run
    res = self._read() if self._is_read else self._write()
  File "C:\Users\SOHAM\AppData\Local\Programs\Python\Python310\lib\site-packages\pymongo\synchronous\mongo_client.py", line 3027, in _read
    self._server = self._get_server()
  File "C:\Users\SOHAM\AppData\Local\Programs\Python\Python310\lib\site-packages\pymongo\synchronous\mongo_client.py", line 2975, in _get_server
    return self._client._select_server(
  File "C:\Users\SOHAM\AppData\Local\Programs\Python\Python310\lib\site-packages\pymongo\synchronous\mongo_client.py", line 1851, in _select_server
    server = topology.select_server(
  File "C:\Users\SOHAM\AppData\Local\Programs\Python\Python310\lib\site-packages\pymongo\synchronous\topology.py", line 428, in select_server
    server = self._select_server(
  File "C:\Users\SOHAM\AppData\Local\Programs\Python\Python310\lib\site-packages\pymongo\synchronous\topology.py", line 402, in _select_server
    servers = self.select_servers(
  File "C:\Users\SOHAM\AppData\Local\Programs\Python\Python310\lib\site-packages\pymongo\synchronous\topology.py", line 298, in select_servers
    server_descriptions = self._select_servers_loop(
  File "C:\Users\SOHAM\AppData\Local\Programs\Python\Python310\lib\site-packages\pymongo\synchronous\topology.py", line 376, in _select_servers_loop
    self._ensure_opened()
  File "C:\Users\SOHAM\AppData\Local\Programs\Python\Python310\lib\site-packages\pymongo\synchronous\topology.py", line 812, in _ensure_opened
    raise InvalidOperation("Cannot use MongoClient after close")
pymongo.errors.InvalidOperation: Cannot use MongoClient after close

The above exception was the direct cause of the following exception:

Traceback (most recent call last):
  File "C:\Users\SOHAM\AppData\Local\Programs\Python\Python310\lib\site-packages\djongo\cursor.py", line 65, in fetchmany
    ret.append(self.result.next())
  File "C:\Users\SOHAM\AppData\Local\Programs\Python\Python310\lib\site-packages\djongo\sql2mongo\query.py", line 797, in __next__
    result = next(self._result_generator)
  File "C:\Users\SOHAM\AppData\Local\Programs\Python\Python310\lib\site-packages\djongo\sql2mongo\query.py", line 830, in __iter__
    raise exe from e
djongo.exceptions.SQLDecodeError: 

	Keyword: FAILED SQL: SELECT "core_user"."id", "core_user"."password", "core_user"."last_login", "core_user"."is_superuser", "core_user"."username", "core_user"."first_name", "core_user"."last_name", "core_user"."email", "core_user"."is_staff", "core_user"."is_active", "core_user"."date_joined", "core_user"."role", "core_user"."phone" FROM "core_user" WHERE "core_user"."id" = %(0)s LIMIT 21
Params: (1,)
Version: 1.3.6
	Sub SQL: None
	FAILED SQL: None
	Params: None
	Version: None

-----------------
Traceback (most recent call last):
  File "C:\Users\SOHAM\AppData\Local\Programs\Python\Python310\lib\site-packages\djongo\sql2mongo\query.py", line 808, in __iter__
    yield from iter(self._query)
  File "C:\Users\SOHAM\AppData\Local\Programs\Python\Python310\lib\site-packages\djongo\sql2mongo\query.py", line 166, in __iter__
    for doc in cursor:
  File "C:\Users\SOHAM\AppData\Local\Programs\Python\Python310\lib\site-packages\pymongo\synchronous\cursor.py", line 1166, in __next__
    return self.next()
  File "C:\Users\SOHAM\AppData\Local\Programs\Python\Python310\lib\site-packages\pymongo\synchronous\cursor.py", line 1142, in next
    if len(self._data) or self._refresh():
  File "C:\Users\SOHAM\AppData\Local\Programs\Python\Python310\lib\site-packages\pymongo\synchronous\cursor.py", line 1090, in _refresh
    self._send_message(q)
  File "C:\Users\SOHAM\AppData\Local\Programs\Python\Python310\lib\site-packages\pymongo\synchronous\cursor.py", line 985, in _send_message
    response = client._run_operation(
  File "C:\Users\SOHAM\AppData\Local\Programs\Python\Python310\lib\site-packages\pymongo\_csot.py", line 125, in csot_wrapper
    return func(self, *args, **kwargs)
  File "C:\Users\SOHAM\AppData\Local\Programs\Python\Python310\lib\site-packages\pymongo\synchronous\mongo_client.py", line 1956, in _run_operation
    return self._retryable_read(
  File "C:\Users\SOHAM\AppData\Local\Programs\Python\Python310\lib\site-packages\pymongo\synchronous\mongo_client.py", line 2076, in _retryable_read
    return self._retry_internal(
  File "C:\Users\SOHAM\AppData\Local\Programs\Python\Python310\lib\site-packages\pymongo\_csot.py", line 125, in csot_wrapper
    return func(self, *args, **kwargs)
  File "C:\Users\SOHAM\AppData\Local\Programs\Python\Python310\lib\site-packages\pymongo\synchronous\mongo_client.py", line 2038, in _retry_internal
    ).run()
  File "C:\Users\SOHAM\AppData\Local\Programs\Python\Python310\lib\site-packages\pymongo\synchronous\mongo_client.py", line 2811, in run
    res = self._read() if self._is_read else self._write()
  File "C:\Users\SOHAM\AppData\Local\Programs\Python\Python310\lib\site-packages\pymongo\synchronous\mongo_client.py", line 3027, in _read
    self._server = self._get_server()
  File "C:\Users\SOHAM\AppData\Local\Programs\Python\Python310\lib\site-packages\pymongo\synchronous\mongo_client.py", line 2975, in _get_server
    return self._client._select_server(
  File "C:\Users\SOHAM\AppData\Local\Programs\Python\Python310\lib\site-packages\pymongo\synchronous\mongo_client.py", line 1851, in _select_server
    server = topology.select_server(
  File "C:\Users\SOHAM\AppData\Local\Programs\Python\Python310\lib\site-packages\pymongo\synchronous\topology.py", line 428, in select_server
    server = self._select_server(
  File "C:\Users\SOHAM\AppData\Local\Programs\Python\Python310\lib\site-packages\pymongo\synchronous\topology.py", line 402, in _select_server
    servers = self.select_servers(
  File "C:\Users\SOHAM\AppData\Local\Programs\Python\Python310\lib\site-packages\pymongo\synchronous\topology.py", line 298, in select_servers
    server_descriptions = self._select_servers_loop(
  File "C:\Users\SOHAM\AppData\Local\Programs\Python\Python310\lib\site-packages\pymongo\synchronous\topology.py", line 376, in _select_servers_loop
    self._ensure_opened()
  File "C:\Users\SOHAM\AppData\Local\Programs\Python\Python310\lib\site-packages\pymongo\synchronous\topology.py", line 812, in _ensure_opened
    raise InvalidOperation("Cannot use MongoClient after close")
pymongo.errors.InvalidOperation: Cannot use MongoClient after close

The above exception was the direct cause of the following exception:

Traceback (most recent call last):
  File "C:\Users\SOHAM\AppData\Local\Programs\Python\Python310\lib\site-packages\djongo\cursor.py", line 65, in fetchmany
    ret.append(self.result.next())
  File "C:\Users\SOHAM\AppData\Local\Programs\Python\Python310\lib\site-packages\djongo\sql2mongo\query.py", line 797, in __next__
    result = next(self._result_generator)
  File "C:\Users\SOHAM\AppData\Local\Programs\Python\Python310\lib\site-packages\djongo\sql2mongo\query.py", line 830, in __iter__
    raise exe from e
djongo.exceptions.SQLDecodeError: 

	Keyword: FAILED SQL: SELECT "core_user"."id", "core_user"."password", "core_user"."last_login", "core_user"."is_superuser", "core_user"."username", "core_user"."first_name", "core_user"."last_name", "core_user"."email", "core_user"."is_staff", "core_user"."is_active", "core_user"."date_joined", "core_user"."role", "core_user"."phone" FROM "core_user" WHERE "core_user"."id" = %(0)s LIMIT 21
Params: (1,)
Version: 1.3.6
	Sub SQL: None
	FAILED SQL: None
	Params: None
	Version: None

-----------------
Traceback (most recent call last):
  File "C:\Users\SOHAM\AppData\Local\Programs\Python\Python310\lib\site-packages\djongo\sql2mongo\query.py", line 808, in __iter__
    yield from iter(self._query)
  File "C:\Users\SOHAM\AppData\Local\Programs\Python\Python310\lib\site-packages\djongo\sql2mongo\query.py", line 166, in __iter__
    for doc in cursor:
  File "C:\Users\SOHAM\AppData\Local\Programs\Python\Python310\lib\site-packages\pymongo\synchronous\cursor.py", line 1166, in __next__
    return self.next()
  File "C:\Users\SOHAM\AppData\Local\Programs\Python\Python310\lib\site-packages\pymongo\synchronous\cursor.py", line 1142, in next
    if len(self._data) or self._refresh():
  File "C:\Users\SOHAM\AppData\Local\Programs\Python\Python310\lib\site-packages\pymongo\synchronous\cursor.py", line 1090, in _refresh
    self._send_message(q)
  File "C:\Users\SOHAM\AppData\Local\Programs\Python\Python310\lib\site-packages\pymongo\synchronous\cursor.py", line 985, in _send_message
    response = client._run_operation(
  File "C:\Users\SOHAM\AppData\Local\Programs\Python\Python310\lib\site-packages\pymongo\_csot.py", line 125, in csot_wrapper
    return func(self, *args, **kwargs)
  File "C:\Users\SOHAM\AppData\Local\Programs\Python\Python310\lib\site-packages\pymongo\synchronous\mongo_client.py", line 1956, in _run_operation
    return self._retryable_read(
  File "C:\Users\SOHAM\AppData\Local\Programs\Python\Python310\lib\site-packages\pymongo\synchronous\mongo_client.py", line 2076, in _retryable_read
    return self._retry_internal(
  File "C:\Users\SOHAM\AppData\Local\Programs\Python\Python310\lib\site-packages\pymongo\_csot.py", line 125, in csot_wrapper
    return func(self, *args, **kwargs)
  File "C:\Users\SOHAM\AppData\Local\Programs\Python\Python310\lib\site-packages\pymongo\synchronous\mongo_client.py", line 2038, in _retry_internal
    ).run()
  File "C:\Users\SOHAM\AppData\Local\Programs\Python\Python310\lib\site-packages\pymongo\synchronous\mongo_client.py", line 2811, in run
    res = self._read() if self._is_read else self._write()
  File "C:\Users\SOHAM\AppData\Local\Programs\Python\Python310\lib\site-packages\pymongo\synchronous\mongo_client.py", line 3027, in _read
    self._server = self._get_server()
  File "C:\Users\SOHAM\AppData\Local\Programs\Python\Python310\lib\site-packages\pymongo\synchronous\mongo_client.py", line 2975, in _get_server
    return self._client._select_server(
  File "C:\Users\SOHAM\AppData\Local\Programs\Python\Python310\lib\site-packages\pymongo\synchronous\mongo_client.py", line 1851, in _select_server
    server = topology.select_server(
  File "C:\Users\SOHAM\AppData\Local\Programs\Python\Python310\lib\site-packages\pymongo\synchronous\topology.py", line 428, in select_server
    server = self._select_server(
  File "C:\Users\SOHAM\AppData\Local\Programs\Python\Python310\lib\site-packages\pymongo\synchronous\topology.py", line 402, in _select_server
    servers = self.select_servers(
  File "C:\Users\SOHAM\AppData\Local\Programs\Python\Python310\lib\site-packages\pymongo\synchronous\topology.py", line 298, in select_servers
    server_descriptions = self._select_servers_loop(
  File "C:\Users\SOHAM\AppData\Local\Programs\Python\Python310\lib\site-packages\pymongo\synchronous\topology.py", line 376, in _select_servers_loop
    self._ensure_opened()
  File "C:\Users\SOHAM\AppData\Local\Programs\Python\Python310\lib\site-packages\pymongo\synchronous\topology.py", line 812, in _ensure_opened
    raise InvalidOperation("Cannot use MongoClient after close")
pymongo.errors.InvalidOperation: Cannot use MongoClient after close

The above exception was the direct cause of the following exception:

Traceback (most recent call last):
  File "C:\Users\SOHAM\AppData\Local\Programs\Python\Python310\lib\site-packages\djongo\cursor.py", line 65, in fetchmany
    ret.append(self.result.next())
  File "C:\Users\SOHAM\AppData\Local\Programs\Python\Python310\lib\site-packages\djongo\sql2mongo\query.py", line 797, in __next__
    result = next(self._result_generator)
  File "C:\Users\SOHAM\AppData\Local\Programs\Python\Python310\lib\site-packages\djongo\sql2mongo\query.py", line 830, in __iter__
    raise exe from e
djongo.exceptions.SQLDecodeError: 

	Keyword: FAILED SQL: SELECT "core_user"."id", "core_user"."password", "core_user"."last_login", "core_user"."is_superuser", "core_user"."username", "core_user"."first_name", "core_user"."last_name", "core_user"."email", "core_user"."is_staff", "core_user"."is_active", "core_user"."date_joined", "core_user"."role", "core_user"."phone" FROM "core_user" WHERE "core_user"."id" = %(0)s LIMIT 21
Params: (1,)
Version: 1.3.6
	Sub SQL: None
	FAILED SQL: None
	Params: None
	Version: None

-----------------
